instant,dteday,season,yr,mnth,holiday,weekday,workingday,weathersit,temp,atemp,hum,windspeed,casual,registered,cnt,temp_real,atemp_real,hum_real,windspeed_real
1,2011-01-01,1,0,1,0,6,0,2,0.399,0.363625,0.805833,0.160446,331,654,985,16.359,18.18125,80.58330000000001,10.749882
2,2011-01-02,1,0,1,0,0,0,2,0.422,0.353739,0.696087,0.248539,131,670,801,17.302,17.686950000000003,69.6087,16.652113
3,2011-01-03,1,0,1,0,1,1,1,0.228,0.189405,0.437273,0.248309,120,1229,1349,9.348,9.47025,43.7273,16.636703
4,2011-01-04,1,0,1,0,2,1,1,0.232,0.212122,0.590435,0.160296,108,1454,1562,9.512,10.6061,59.0435,10.739832
5,2011-01-05,1,0,1,0,3,1,1,0.263,0.22927,0.436957,0.1869,82,1518,1600,10.783000000000001,11.4635,43.695699999999995,12.522300000000001
6,2011-01-06,1,0,1,0,4,1,1,0.237,0.233209,0.518261,0.0895652,88,1518,1606,9.716999999999999,11.66045,51.8261,6.0008684
7,2011-01-07,1,0,1,0,5,1,2,0.228,0.208839,0.498696,0.168726,148,1362,1510,9.348,10.44195,49.8696,11.304642
8,2011-01-08,1,0,1,0,6,0,2,0.191,0.162254,0.535833,0.266804,68,891,959,7.831,8.1127,53.5833,17.875868
9,2011-01-09,1,0,1,0,0,0,1,0.161,0.116175,0.434167,0.36195,54,768,822,6.601,5.80875,43.416700000000006,24.25065
10,2011-01-10,1,0,1,0,1,1,1,0.175,0.150888,0.482917,0.223267,41,1280,1321,7.175,7.5443999999999996,48.2917,14.958889
11,2011-01-11,1,0,1,0,2,1,2,0.196,0.191464,0.686364,0.122132,43,1220,1263,8.036,9.5732,68.6364,8.182844000000001
12,2011-01-12,1,0,1,0,3,1,1,0.2,0.160473,0.599545,0.304627,25,1137,1162,8.200000000000001,8.02365,59.954499999999996,20.410009
13,2011-01-13,1,0,1,0,4,1,1,0.191,0.150883,0.470417,0.301,38,1368,1406,7.831,7.544149999999999,47.0417,20.166999999999998
14,2011-01-14,1,0,1,0,5,1,1,0.187,0.188413,0.537826,0.126548,54,1367,1421,7.667,9.42065,53.7826,8.478716
15,2011-01-15,1,0,1,0,6,0,2,0.271,0.248112,0.49875,0.157963,222,1026,1248,11.111,12.4056,49.875,10.583521
16,2011-01-16,1,0,1,0,0,0,1,0.269,0.234217,0.48375,0.188433,251,953,1204,11.029,11.71085,48.375,12.625010999999999
17,2011-01-17,1,0,1,1,1,0,2,0.204,0.176771,0.5375,0.194017,117,883,1000,8.363999999999999,8.838550000000001,53.75,12.999139
18,2011-01-18,1,0,1,0,2,1,2,0.251,0.232333,0.861667,0.146775,9,674,683,10.291,11.61665,86.16669999999999,9.833924999999999
19,2011-01-19,1,0,1,0,3,1,2,0.339,0.298422,0.741739,0.208317,78,1572,1650,13.899000000000001,14.921100000000001,74.1739,13.957239
20,2011-01-20,1,0,1,0,4,1,2,0.304,0.25505,0.538333,0.195904,83,1844,1927,12.464,12.7525,53.833299999999994,13.125568
21,2011-01-21,1,0,1,0,5,1,1,0.206,0.157833,0.457083,0.353242,75,1468,1543,8.446,7.89165,45.7083,23.667214
22,2011-01-22,1,0,1,0,6,0,1,0.069,0.0790696,0.4,0.17197,93,888,981,2.829,3.9534800000000003,40.0,11.52199
23,2011-01-23,1,0,1,0,0,0,1,0.112,0.0988391,0.436522,0.2466,150,836,986,4.5920000000000005,4.941955,43.6522,16.5222
24,2011-01-24,1,0,1,0,1,1,1,0.113,0.11793,0.491739,0.15833,86,1330,1416,4.633,5.8965,49.173899999999996,10.60811
25,2011-01-25,1,0,1,0,2,1,2,0.259,0.234526,0.616957,0.129796,186,1799,1985,10.619,11.7263,61.695699999999995,8.696332
26,2011-01-26,1,0,1,0,3,1,3,0.252,0.2036,0.8625,0.29385,34,472,506,10.332,10.18,86.25,19.68795
27,2011-01-27,1,0,1,0,4,1,1,0.226,0.2197,0.6875,0.113837,15,416,431,9.266,10.985,68.75,7.627078999999999
28,2011-01-28,1,0,1,0,5,1,2,0.236,0.223317,0.793043,0.1233,38,1129,1167,9.676,11.165849999999999,79.30430000000001,8.2611
29,2011-01-29,1,0,1,0,6,0,1,0.228,0.212126,0.651739,0.145365,123,975,1098,9.348,10.606300000000001,65.17389999999999,9.739455
30,2011-01-30,1,0,1,0,0,0,1,0.251,0.250322,0.722174,0.0739826,140,956,1096,10.291,12.5161,72.2174,4.956834199999999
31,2011-01-31,1,0,1,0,1,1,2,0.21,0.18625,0.60375,0.187192,42,1459,1501,8.61,9.3125,60.375,12.541864
32,2011-02-01,1,0,2,0,2,1,2,0.223,0.23453,0.829565,0.053213,47,1313,1360,9.143,11.7265,82.9565,3.565271
33,2011-02-02,1,0,2,0,3,1,2,0.302,0.254417,0.775417,0.264308,72,1454,1526,12.382,12.72085,77.5417,17.708636
34,2011-02-03,1,0,2,0,4,1,1,0.217,0.177878,0.437826,0.277752,61,1489,1550,8.897,8.8939,43.7826,18.609384
35,2011-02-04,1,0,2,0,5,1,2,0.245,0.228587,0.585217,0.127839,88,1620,1708,10.045,11.429350000000001,58.521699999999996,8.565213
36,2011-02-05,1,0,2,0,6,0,2,0.271,0.243058,0.929167,0.161079,100,905,1005,11.111,12.152899999999999,92.91669999999999,10.792293
37,2011-02-06,1,0,2,0,0,0,1,0.332,0.291671,0.568333,0.1418,354,1269,1623,13.612,14.58355,56.833299999999994,9.5006
38,2011-02-07,1,0,2,0,1,1,1,0.315,0.303658,0.738333,0.0454083,120,1592,1712,12.915000000000001,15.1829,73.83330000000001,3.0423561
39,2011-02-08,1,0,2,0,2,1,1,0.256,0.198246,0.537917,0.36195,64,1466,1530,10.496,9.9123,53.7917,24.25065
40,2011-02-09,1,0,2,0,3,1,2,0.156,0.144283,0.494783,0.188839,53,1552,1605,6.396,7.21415,49.4783,12.652213
41,2011-02-10,1,0,2,0,4,1,1,0.168,0.149548,0.437391,0.221935,47,1491,1538,6.888000000000001,7.477399999999999,43.7391,14.869645
42,2011-02-11,1,0,2,0,5,1,1,0.219,0.213509,0.506364,0.10855,149,1597,1746,8.979,10.67545,50.6364,7.272849999999999
43,2011-02-12,1,0,2,0,6,0,1,0.258,0.232954,0.544167,0.203367,288,1184,1472,10.578,11.6477,54.4167,13.625589
44,2011-02-13,1,0,2,0,0,0,1,0.367,0.324113,0.457391,0.260883,397,1192,1589,15.047,16.20565,45.7391,17.479160999999998
45,2011-02-14,1,0,2,0,1,1,1,0.482,0.39835,0.375833,0.417908,208,1705,1913,19.762,19.9175,37.583299999999994,27.999836
46,2011-02-15,1,0,2,0,2,1,1,0.309,0.254274,0.314348,0.291374,140,1675,1815,12.669,12.7137,31.434800000000003,19.522058
47,2011-02-16,1,0,2,0,3,1,1,0.369,0.3162,0.423478,0.251791,218,1897,2115,15.129,15.809999999999999,42.3478,16.869996999999998
48,2011-02-17,1,0,2,0,4,1,1,0.506,0.428658,0.505,0.230104,259,2216,2475,20.746,21.4329,50.5,15.416968
49,2011-02-18,1,0,2,0,5,1,1,0.605,0.511983,0.516667,0.264925,579,2348,2927,24.805,25.599149999999998,51.6667,17.749975000000003
50,2011-02-19,1,0,2,0,6,0,1,0.463,0.391404,0.187917,0.507463,532,1103,1635,18.983,19.5702,18.7917,34.000021
51,2011-02-20,1,0,2,0,0,0,1,0.331,0.27733,0.407826,0.223235,639,1173,1812,13.571000000000002,13.8665,40.7826,14.956745
52,2011-02-21,1,0,2,1,1,0,2,0.352,0.284075,0.605,0.307846,195,912,1107,14.431999999999999,14.203750000000001,60.5,20.625682
53,2011-02-22,1,0,2,0,2,1,1,0.211,0.186033,0.577778,0.195683,74,1376,1450,8.651,9.30165,57.7778,13.110761
54,2011-02-23,1,0,2,0,3,1,1,0.257,0.245717,0.423043,0.094113,139,1778,1917,10.537,12.28585,42.3043,6.3055710000000005
55,2011-02-24,1,0,2,0,4,1,2,0.343,0.289191,0.697391,0.250496,100,1707,1807,14.063,14.459549999999998,69.7391,16.783231999999998
56,2011-02-25,1,0,2,0,5,1,2,0.423,0.350461,0.712174,0.346539,120,1341,1461,17.343,17.52305,71.2174,23.218113
57,2011-02-26,1,0,2,0,6,0,1,0.328,0.282192,0.537917,0.186571,424,1545,1969,13.448,14.1096,53.7917,12.500257
58,2011-02-27,1,0,2,0,0,0,1,0.399,0.351109,0.68,0.125248,694,1708,2402,16.359,17.55545,68.0,8.391615999999999
59,2011-02-28,1,0,2,0,1,1,2,0.473,0.400118,0.876364,0.289686,81,1365,1446,19.393,20.005899999999997,87.63640000000001,19.408962
60,2011-03-01,1,0,3,0,2,1,1,0.309,0.263879,0.535,0.216425,137,1714,1851,12.669,13.19395,53.5,14.500475
61,2011-03-02,1,0,3,0,3,1,1,0.389,0.320071,0.449583,0.307833,231,1903,2134,15.949,16.00355,44.9583,20.624811
62,2011-03-03,1,0,3,0,4,1,1,0.23,0.200133,0.318333,0.225754,123,1562,1685,9.43,10.00665,31.833299999999998,15.125518000000001
63,2011-03-04,1,0,3,0,5,1,2,0.304,0.255679,0.610417,0.203346,214,1730,1944,12.464,12.783949999999999,61.0417,13.624182
64,2011-03-05,1,0,3,0,6,0,2,0.446,0.378779,0.789167,0.251871,640,1437,2077,18.286,18.93895,78.91669999999999,16.875357
65,2011-03-06,1,0,3,0,0,0,2,0.437,0.366252,0.948261,0.343287,114,491,605,17.917,18.3126,94.8261,23.000229
66,2011-03-07,1,0,3,0,1,1,1,0.304,0.238461,0.551304,0.341352,244,1628,1872,12.464,11.92305,55.1304,22.870584
67,2011-03-08,1,0,3,0,2,1,1,0.339,0.3024,0.420833,0.12065,316,1817,2133,13.899000000000001,15.120000000000001,42.0833,8.083549999999999
68,2011-03-09,1,0,3,0,3,1,2,0.343,0.286608,0.775417,0.22015,191,1700,1891,14.063,14.3304,77.5417,14.750050000000002
69,2011-03-10,1,0,3,0,4,1,3,0.452,0.385668,0.0,0.261877,46,577,623,18.532,19.2834,0.0,17.545759
70,2011-03-11,1,0,3,0,5,1,2,0.367,0.305,0.649565,0.23297,247,1730,1977,15.047,15.25,64.95649999999999,15.60899
71,2011-03-12,1,0,3,0,6,0,1,0.382,0.32575,0.594583,0.220775,724,1408,2132,15.662,16.287499999999998,59.458299999999994,14.791924999999999
72,2011-03-13,1,0,3,0,0,0,1,0.446,0.380091,0.527391,0.270604,982,1435,2417,18.286,19.004550000000002,52.73910000000001,18.130468
73,2011-03-14,1,0,3,0,1,1,1,0.377,0.332,0.496957,0.136926,359,1687,2046,15.457,16.6,49.695699999999995,9.174042
74,2011-03-15,1,0,3,0,2,1,2,0.368,0.318178,0.655652,0.184309,289,1767,2056,15.088,15.908900000000001,65.5652,12.348703
75,2011-03-16,1,0,3,0,3,1,2,0.424,0.36693,0.776522,0.203117,321,1871,2192,17.384,18.3465,77.65220000000001,13.608839
76,2011-03-17,1,0,3,0,4,1,1,0.482,0.410333,0.602917,0.209579,424,2320,2744,19.762,20.51665,60.291700000000006,14.041792999999998
77,2011-03-18,1,0,3,0,5,1,1,0.627,0.527009,0.525217,0.231017,884,2355,3239,25.707,26.35045,52.5217,15.478139
78,2011-03-19,1,0,3,0,6,0,1,0.548,0.466525,0.379167,0.368167,1424,1693,3117,22.468000000000004,23.32625,37.9167,24.667189
79,2011-03-20,1,0,3,0,0,0,1,0.386,0.32575,0.47375,0.207721,1047,1424,2471,15.826,16.287499999999998,47.375,13.917307
80,2011-03-21,2,0,3,0,1,1,2,0.5,0.409735,0.737391,0.288783,401,1676,2077,20.5,20.48675,73.73910000000001,19.348461
81,2011-03-22,2,0,3,0,2,1,1,0.513,0.440642,0.624583,0.22575,460,2243,2703,21.033,22.0321,62.4583,15.125250000000001
82,2011-03-23,2,0,3,0,3,1,2,0.403,0.337939,0.839565,0.234261,203,1918,2121,16.523,16.89695,83.9565,15.695487
83,2011-03-24,2,0,3,0,4,1,2,0.331,0.270833,0.805833,0.243787,166,1699,1865,13.571000000000002,13.541649999999999,80.58330000000001,16.333729
84,2011-03-25,2,0,3,0,5,1,1,0.307,0.256312,0.495,0.230725,300,1910,2210,12.587,12.8156,49.5,15.458575000000002
85,2011-03-26,2,0,3,0,6,0,1,0.309,0.257571,0.394167,0.209571,981,1515,2496,12.669,12.87855,39.4167,14.041257
86,2011-03-27,2,0,3,0,0,0,2,0.294,0.250339,0.493913,0.1843,472,1221,1693,12.053999999999998,12.51695,49.3913,12.348099999999999
87,2011-03-28,2,0,3,0,1,1,1,0.307,0.257574,0.302174,0.212204,222,1806,2028,12.587,12.878700000000002,30.2174,14.217668
88,2011-03-29,2,0,3,0,2,1,1,0.351,0.292908,0.314167,0.226996,317,2108,2425,14.390999999999998,14.6454,31.4167,15.208732
89,2011-03-30,2,0,3,0,3,1,2,0.348,0.29735,0.646667,0.172888,168,1368,1536,14.267999999999999,14.8675,64.6667,11.583495999999998
90,2011-03-31,2,0,3,0,4,1,3,0.311,0.257575,0.918333,0.217646,179,1506,1685,12.751,12.87875,91.8333,14.582282000000001
91,2011-04-01,2,0,4,0,5,1,2,0.348,0.283454,0.68625,0.258708,307,1920,2227,14.267999999999999,14.172699999999999,68.625,17.333436
92,2011-04-02,2,0,4,0,6,0,2,0.366,0.315637,0.65375,0.197146,898,1354,2252,15.006,15.78185,65.375,13.208782
93,2011-04-03,2,0,4,0,0,0,1,0.439,0.378767,0.48,0.182213,1651,1598,3249,17.999,18.93835,48.0,12.208271000000002
94,2011-04-04,2,0,4,0,1,1,1,0.665,0.542929,0.42625,0.385571,734,2381,3115,27.265,27.14645,42.625,25.833257
95,2011-04-05,2,0,4,0,2,1,2,0.481,0.39835,0.642083,0.388067,167,1628,1795,19.721,19.9175,64.2083,26.000488999999998
96,2011-04-06,2,0,4,0,3,1,1,0.454,0.387608,0.470833,0.263063,413,2395,2808,18.614,19.3804,47.0833,17.625221
97,2011-04-07,2,0,4,0,4,1,1,0.508,0.433696,0.602917,0.162312,571,2570,3141,20.828,21.684800000000003,60.291700000000006,10.874904
98,2011-04-08,2,0,4,0,5,1,2,0.39,0.324479,0.83625,0.226992,172,1299,1471,15.99,16.223950000000002,83.625,15.208464
99,2011-04-09,2,0,4,0,6,0,2,0.397,0.341529,0.8775,0.133083,879,1576,2455,16.277,17.07645,87.75,8.916561
100,2011-04-10,2,0,4,0,0,0,2,0.495,0.426737,0.8575,0.146767,1188,1707,2895,20.294999999999998,21.33685,85.75,9.833389
101,2011-04-11,2,0,4,0,1,1,2,0.691,0.565217,0.716956,0.324474,855,2493,3348,28.331,28.260849999999998,71.6956,21.739758
102,2011-04-12,2,0,4,0,2,1,2,0.583,0.493054,0.739167,0.274879,257,1777,2034,23.903,24.6527,73.9167,18.416892999999998
103,2011-04-13,2,0,4,0,3,1,2,0.479,0.417283,0.819167,0.250617,209,1953,2162,19.639,20.864150000000002,81.91669999999999,16.791338999999997
104,2011-04-14,2,0,4,0,4,1,1,0.543,0.462742,0.540417,0.1107,529,2738,3267,22.263,23.1371,54.041700000000006,7.4169
105,2011-04-15,2,0,4,1,5,0,1,0.518,0.441913,0.67125,0.226375,642,2484,3126,21.238,22.09565,67.125,15.167124999999999
106,2011-04-16,2,0,4,0,6,0,3,0.5,0.425492,0.888333,0.340808,121,674,795,20.5,21.2746,88.83330000000001,22.834136
107,2011-04-17,2,0,4,0,0,0,1,0.53,0.445696,0.479583,0.303496,1558,2186,3744,21.73,22.2848,47.9583,20.334232
108,2011-04-18,2,0,4,0,1,1,1,0.595,0.503146,0.5425,0.163567,669,2760,3429,24.395,25.1573,54.25,10.958988999999999
109,2011-04-19,2,0,4,0,2,1,2,0.587,0.489258,0.665833,0.157971,409,2795,3204,24.067,24.4629,66.5833,10.584057
110,2011-04-20,2,0,4,0,3,1,1,0.691,0.564392,0.614167,0.241925,613,3331,3944,28.331,28.2196,61.4167,16.208975
111,2011-04-21,2,0,4,0,4,1,1,0.533,0.453892,0.407083,0.325258,745,3444,4189,21.853,22.6946,40.708299999999994,21.792286
112,2011-04-22,2,0,4,0,5,1,2,0.391,0.321954,0.729583,0.219521,177,1506,1683,16.031,16.0977,72.9583,14.707906999999999
113,2011-04-23,2,0,4,0,6,0,2,0.534,0.450121,0.887917,0.230725,1462,2574,4036,21.894000000000002,22.50605,88.79169999999999,15.458575000000002
114,2011-04-24,2,0,4,0,0,0,2,0.675,0.551763,0.810833,0.192175,1710,2481,4191,27.675,27.58815,81.08330000000001,12.875725000000001
115,2011-04-25,2,0,4,0,1,1,1,0.704,0.5745,0.776667,0.185333,773,3300,4073,28.863999999999997,28.725,77.6667,12.417311
116,2011-04-26,2,0,4,0,2,1,1,0.733,0.594083,0.729167,0.3265,678,3722,4400,30.053,29.704150000000002,72.9167,21.875500000000002
117,2011-04-27,2,0,4,0,3,1,2,0.72,0.575142,0.835417,0.3122,547,3325,3872,29.52,28.7571,83.54169999999999,20.917399999999997
118,2011-04-28,2,0,4,0,4,1,2,0.717,0.578929,0.700833,0.320908,569,3489,4058,29.397,28.946450000000002,70.08330000000001,21.500836000000003
119,2011-04-29,2,0,4,0,5,1,1,0.592,0.497463,0.457083,0.240063,878,3717,4595,24.272,24.87315,45.7083,16.084221
120,2011-04-30,2,0,4,0,6,0,1,0.548,0.464021,0.503333,0.235075,1965,3347,5312,22.468000000000004,23.201050000000002,50.3333,15.750025
121,2011-05-01,2,0,5,0,0,0,2,0.524,0.448204,0.762083,0.106354,1138,2213,3351,21.484,22.4102,76.2083,7.125718
122,2011-05-02,2,0,5,0,1,1,2,0.637,0.532833,0.73,0.183454,847,3554,4401,26.117,26.64165,73.0,12.291418
123,2011-05-03,2,0,5,0,2,1,2,0.716,0.582079,0.697083,0.342667,603,3848,4451,29.355999999999998,29.10395,69.7083,22.958689
124,2011-05-04,2,0,5,0,3,1,2,0.481,0.40465,0.737083,0.328996,255,2378,2633,19.721,20.2325,73.70830000000001,22.042732
125,2011-05-05,2,0,5,0,4,1,1,0.533,0.441917,0.444167,0.295392,614,3819,4433,21.853,22.09585,44.4167,19.791263999999998
126,2011-05-06,2,0,5,0,5,1,1,0.556,0.474117,0.59,0.228246,894,3714,4608,22.796000000000003,23.70585,59.0,15.292482
127,2011-05-07,2,0,5,0,6,0,1,0.603,0.512621,0.54125,0.16045,1612,3102,4714,24.723,25.63105,54.125,10.750150000000001
128,2011-05-08,2,0,5,0,0,0,1,0.613,0.518933,0.631667,0.0746375,1401,2932,4333,25.133,25.946649999999998,63.1667,5.0007125
129,2011-05-09,2,0,5,0,1,1,1,0.618,0.525246,0.58875,0.176,664,3698,4362,25.338,26.2623,58.875,11.792
130,2011-05-10,2,0,5,0,2,1,1,0.618,0.522721,0.489167,0.115671,694,4109,4803,25.338,26.13605,48.9167,7.749956999999999
131,2011-05-11,2,0,5,0,3,1,1,0.63,0.5284,0.632917,0.120642,550,3632,4182,25.830000000000002,26.419999999999998,63.29169999999999,8.083014
132,2011-05-12,2,0,5,0,4,1,1,0.621,0.523363,0.7475,0.189667,695,4169,4864,25.461,26.16815,74.75,12.707689
133,2011-05-13,2,0,5,0,5,1,2,0.595,0.4943,0.863333,0.179725,692,3413,4105,24.395,24.715,86.33330000000001,12.041575
134,2011-05-14,2,0,5,0,6,0,2,0.604,0.500629,0.9225,0.13495,902,2507,3409,24.764,25.03145,92.25,9.041649999999999
135,2011-05-15,2,0,5,0,0,0,2,0.653,0.536,0.867083,0.152979,1582,2971,4553,26.773,26.8,86.70830000000001,10.249593
136,2011-05-16,2,0,5,0,1,1,1,0.67,0.550512,0.787917,0.126871,773,3185,3958,27.470000000000002,27.5256,78.79169999999999,8.500357000000001
137,2011-05-17,2,0,5,0,2,1,2,0.652,0.538529,0.837917,0.277354,678,3445,4123,26.732,26.926450000000003,83.7917,18.582718
138,2011-05-18,2,0,5,0,3,1,2,0.638,0.527158,0.87,0.201492,536,3319,3855,26.158,26.3579,87.0,13.499964
139,2011-05-19,2,0,5,0,4,1,2,0.616,0.510742,0.829583,0.108213,735,3840,4575,25.256,25.537100000000002,82.9583,7.250271000000001
140,2011-05-20,2,0,5,0,5,1,1,0.623,0.529042,0.719583,0.125013,909,4008,4917,25.543,26.4521,71.9583,8.375871
141,2011-05-21,2,0,5,0,6,0,1,0.699,0.571975,0.626667,0.12065,2258,3547,5805,28.659,28.59875,62.6667,8.083549999999999
142,2011-05-22,2,0,5,0,0,0,1,0.701,0.5745,0.749583,0.148008,1576,3084,4660,28.741,28.725,74.9583,9.916536
143,2011-05-23,2,0,5,0,1,1,2,0.733,0.590296,0.81,0.233842,836,3438,4274,30.053,29.5148,81.0,15.667413999999999
144,2011-05-24,2,0,5,0,2,1,2,0.766,0.604813,0.740833,0.207092,659,3833,4492,31.406,30.240650000000002,74.0833,13.875164
145,2011-05-25,2,0,5,0,3,1,1,0.767,0.615542,0.69625,0.154233,740,4238,4978,31.447,30.7771,69.625,10.333611000000001
146,2011-05-26,2,0,5,0,4,1,1,0.822,0.654688,0.6775,0.199642,758,3919,4677,33.702,32.7344,67.75,13.376014
147,2011-05-27,2,0,5,0,5,1,1,0.791,0.637008,0.65375,0.240679,871,3808,4679,32.431000000000004,31.8504,65.375,16.125493
148,2011-05-28,2,0,5,0,6,0,1,0.761,0.612379,0.729583,0.230092,2001,2757,4758,31.201,30.61895,72.9583,15.416164
149,2011-05-29,2,0,5,0,0,0,1,0.775,0.61555,0.81875,0.213938,2355,2433,4788,31.775000000000002,30.777500000000003,81.875,14.333846
150,2011-05-30,2,0,5,1,1,0,1,0.851,0.671092,0.685,0.131225,1549,2549,4098,34.891,33.5546,68.5,8.792075
151,2011-05-31,2,0,5,0,2,1,1,0.899,0.725383,0.636667,0.111329,673,3309,3982,36.859,36.26915,63.6667,7.459042999999999
152,2011-06-01,2,0,6,0,3,1,2,0.887,0.720967,0.677083,0.207092,513,3461,3974,36.367,36.04835,67.7083,13.875164
153,2011-06-02,2,0,6,0,4,1,1,0.83,0.643942,0.305,0.292287,736,4232,4968,34.03,32.1971,30.5,19.583229000000003
154,2011-06-03,2,0,6,0,5,1,1,0.72,0.587133,0.354167,0.253121,898,4414,5312,29.52,29.356650000000002,35.4167,16.959107
155,2011-06-04,2,0,6,0,6,0,1,0.737,0.594696,0.45625,0.123142,1869,3473,5342,30.217,29.7348,45.625,8.250514
156,2011-06-05,2,0,6,0,0,0,2,0.752,0.616804,0.6525,0.138692,1685,3221,4906,30.832,30.8402,65.25,9.292364000000001
157,2011-06-06,2,0,6,0,1,1,1,0.787,0.621858,0.6,0.121896,673,3875,4548,32.267,31.0929,60.0,8.167032
158,2011-06-07,2,0,6,0,2,1,1,0.821,0.65595,0.597917,0.187808,763,4070,4833,33.661,32.7975,59.791700000000006,12.583136
159,2011-06-08,2,0,6,0,3,1,1,0.9,0.727279,0.622083,0.136817,676,3725,4401,36.9,36.36395,62.20830000000001,9.166739
160,2011-06-09,2,0,6,0,4,1,2,0.938,0.757579,0.568333,0.149883,563,3352,3915,38.458,37.87895,56.833299999999994,10.042161
161,2011-06-10,2,0,6,0,5,1,1,0.876,0.703292,0.605,0.140554,815,3771,4586,35.916,35.1646,60.5,9.417118
162,2011-06-11,2,0,6,0,6,0,1,0.841,0.678038,0.654583,0.15485,1729,3237,4966,34.481,33.901900000000005,65.45830000000001,10.374949999999998
163,2011-06-12,2,0,6,0,0,0,1,0.804,0.643325,0.747917,0.163567,1467,2993,4460,32.964,32.166250000000005,74.7917,10.958988999999999
164,2011-06-13,2,0,6,0,1,1,1,0.737,0.601654,0.494583,0.30535,863,4157,5020,30.217,30.082700000000003,49.4583,20.45845
165,2011-06-14,2,0,6,0,2,1,1,0.701,0.591546,0.507083,0.269283,727,4164,4891,28.741,29.5773,50.708299999999994,18.041961
166,2011-06-15,2,0,6,0,3,1,1,0.727,0.587754,0.471667,0.167912,769,4411,5180,29.807,29.3877,47.1667,11.250104
167,2011-06-16,2,0,6,0,4,1,2,0.729,0.595346,0.688333,0.206471,545,3222,3767,29.889,29.767300000000002,68.8333,13.833556999999999
168,2011-06-17,2,0,6,0,5,1,1,0.753,0.600383,0.735833,0.143029,863,3981,4844,30.873,30.01915,73.5833,9.582942999999998
169,2011-06-18,2,0,6,0,6,0,1,0.809,0.643954,0.670417,0.119408,1807,3312,5119,33.169000000000004,32.197700000000005,67.0417,8.000336
170,2011-06-19,2,0,6,0,0,0,2,0.811,0.645846,0.666667,0.102,1639,3105,4744,33.251000000000005,32.292300000000004,66.6667,6.834
171,2011-06-20,2,0,6,0,1,1,2,0.737,0.595346,0.74625,0.155475,699,3311,4010,30.217,29.767300000000002,74.625,10.416825
172,2011-06-21,3,0,6,0,2,1,2,0.79,0.637646,0.770417,0.171025,774,4061,4835,32.39,31.8823,77.0417,11.458675000000001
173,2011-06-22,3,0,6,0,3,1,1,0.851,0.693829,0.7075,0.172262,661,3846,4507,34.891,34.69145,70.75,11.541554
174,2011-06-23,3,0,6,0,4,1,2,0.845,0.693833,0.703333,0.238804,746,4044,4790,34.644999999999996,34.69165,70.3333,15.999868
175,2011-06-24,3,0,6,0,5,1,1,0.84,0.656583,0.573333,0.222025,969,4022,4991,34.44,32.82915,57.3333,14.875675
176,2011-06-25,3,0,6,0,6,0,1,0.807,0.643313,0.483333,0.209571,1782,3420,5202,33.087,32.16565,48.3333,14.041257
177,2011-06-26,3,0,6,0,0,0,1,0.789,0.637629,0.513333,0.0945333,1920,3385,5305,32.349000000000004,31.88145,51.3333,6.3337311
178,2011-06-27,3,0,6,0,1,1,2,0.792,0.637004,0.658333,0.107588,854,3854,4708,32.472,31.8502,65.8333,7.2083960000000005
179,2011-06-28,3,0,6,0,2,1,1,0.864,0.692558,0.634167,0.144283,732,3916,4648,35.424,34.6279,63.416700000000006,9.666960999999999
180,2011-06-29,3,0,6,0,3,1,1,0.845,0.654688,0.497917,0.261821,848,4377,5225,34.644999999999996,32.7344,49.7917,17.542007
181,2011-06-30,3,0,6,0,4,1,1,0.809,0.637008,0.434167,0.185312,1027,4488,5515,33.169000000000004,31.8504,43.416700000000006,12.415904000000001
182,2011-07-01,3,0,7,0,5,1,1,0.838,0.652162,0.39625,0.102608,1246,4116,5362,34.358,32.6081,39.625,6.874736
183,2011-07-02,3,0,7,0,6,0,1,0.857,0.667308,0.444583,0.115062,2204,2915,5119,35.137,33.3654,44.4583,7.709154
184,2011-07-03,3,0,7,0,0,0,2,0.832,0.668575,0.6825,0.228858,2282,2367,4649,34.112,33.42875,68.25,15.333486
185,2011-07-04,3,0,7,1,1,0,2,0.843,0.665417,0.637917,0.0814792,3065,2978,6043,34.563,33.27085,63.7917,5.4591064000000005
186,2011-07-05,3,0,7,0,2,1,1,0.867,0.696338,0.590417,0.126258,1031,3634,4665,35.547,34.816900000000004,59.0417,8.459286
187,2011-07-06,3,0,7,0,3,1,1,0.836,0.685633,0.743333,0.149883,784,3845,4629,34.275999999999996,34.28165,74.33330000000001,10.042161
188,2011-07-07,3,0,7,0,4,1,1,0.87,0.686871,0.65125,0.1592,754,3838,4592,35.67,34.34355,65.125,10.666400000000001
189,2011-07-08,3,0,7,0,5,1,2,0.823,0.670483,0.757917,0.225129,692,3348,4040,33.742999999999995,33.524150000000006,75.79169999999999,15.083643
190,2011-07-09,3,0,7,0,6,0,1,0.851,0.664158,0.609167,0.167912,1988,3348,5336,34.891,33.2079,60.9167,11.250104
191,2011-07-10,3,0,7,0,0,0,1,0.868,0.690025,0.578333,0.183471,1743,3138,4881,35.588,34.50125,57.8333,12.292557
192,2011-07-11,3,0,7,0,1,1,1,0.885,0.729804,0.635833,0.282337,723,3363,4086,36.285000000000004,36.4902,63.5833,18.916579
193,2011-07-12,3,0,7,0,2,1,1,0.922,0.739275,0.559167,0.200254,662,3596,4258,37.802,36.96375,55.9167,13.417017999999999
194,2011-07-13,3,0,7,0,3,1,1,0.867,0.689404,0.631667,0.146133,748,3594,4342,35.547,34.4702,63.1667,9.790911000000001
195,2011-07-14,3,0,7,0,4,1,1,0.79,0.635104,0.47625,0.240667,888,4196,5084,32.39,31.7552,47.625,16.124689
196,2011-07-15,3,0,7,0,5,1,1,0.77,0.624371,0.59125,0.182833,1318,4220,5538,31.57,31.21855,59.12500000000001,12.249811
197,2011-07-16,3,0,7,0,6,0,1,0.797,0.638263,0.585,0.208342,2418,3505,5923,32.677,31.91315,58.5,13.958914
198,2011-07-17,3,0,7,0,0,0,1,0.835,0.669833,0.604167,0.245033,2006,3296,5302,34.235,33.49165,60.4167,16.417211
199,2011-07-18,3,0,7,0,1,1,1,0.867,0.703925,0.65125,0.215804,841,3617,4458,35.547,35.19625,65.125,14.458867999999999
200,2011-07-19,3,0,7,0,2,1,1,0.901,0.747479,0.650417,0.1306,752,3789,4541,36.941,37.37395,65.0417,8.7502
201,2011-07-20,3,0,7,0,3,1,1,0.892,0.74685,0.707083,0.113817,644,3688,4332,36.572,37.3425,70.70830000000001,7.625739
202,2011-07-21,3,0,7,0,4,1,2,0.946,0.826371,0.69125,0.222021,632,3152,3784,38.786,41.31855,69.125,14.875407
203,2011-07-22,3,0,7,0,5,1,1,0.985,0.840896,0.580417,0.1331,562,2825,3387,40.385,42.0448,58.0417,8.9177
204,2011-07-23,3,0,7,0,6,0,1,0.985,0.804287,0.5,0.131221,987,2298,3285,40.385,40.214349999999996,50.0,8.791807
205,2011-07-24,3,0,7,0,0,0,1,0.963,0.794829,0.550833,0.169171,1050,2556,3606,39.483,39.74145,55.0833,11.334456999999999
206,2011-07-25,3,0,7,0,1,1,1,0.863,0.720958,0.757083,0.0908083,568,3272,3840,35.383,36.0479,75.7083,6.0841560999999995
207,2011-07-26,3,0,7,0,2,1,1,0.896,0.696979,0.540833,0.200258,750,3840,4590,36.736000000000004,34.84895,54.0833,13.417285999999999
208,2011-07-27,3,0,7,0,3,1,1,0.899,0.690667,0.402917,0.183463,755,3901,4656,36.859,34.53335,40.291700000000006,12.292020999999998
209,2011-07-28,3,0,7,0,4,1,1,0.904,0.7399,0.583333,0.178479,606,3784,4390,37.064,36.995,58.3333,11.958093
210,2011-07-29,3,0,7,0,5,1,1,0.973,0.785967,0.5425,0.174138,670,3176,3846,39.893,39.29835,54.25,11.667245999999999
211,2011-07-30,3,0,7,0,6,0,1,0.933,0.728537,0.465833,0.168537,1559,2916,4475,38.253,36.42685,46.5833,11.291979
212,2011-07-31,3,0,7,0,0,0,1,0.935,0.729796,0.480833,0.164813,1524,2778,4302,38.335,36.4898,48.0833,11.042470999999999
213,2011-08-01,3,0,8,0,1,1,1,0.896,0.703292,0.550833,0.156717,729,3537,4266,36.736000000000004,35.1646,55.0833,10.500039
214,2011-08-02,3,0,8,0,2,1,1,0.909,0.707071,0.49125,0.20585,801,4044,4845,37.269,35.35355,49.125,13.79195
215,2011-08-03,3,0,8,0,3,1,2,0.849,0.679937,0.6575,0.135583,467,3107,3574,34.809,33.99685,65.75,9.084061
216,2011-08-04,3,0,8,0,4,1,2,0.824,0.664788,0.7575,0.19715,799,3777,4576,33.784,33.2394,75.75,13.20905
217,2011-08-05,3,0,8,0,5,1,1,0.825,0.656567,0.630833,0.184696,1023,3843,4866,33.824999999999996,32.82835,63.083299999999994,12.374632
218,2011-08-06,3,0,8,0,6,0,2,0.832,0.676154,0.755,0.22825,1521,2773,4294,34.112,33.807700000000004,75.5,15.29275
219,2011-08-07,3,0,8,0,0,0,1,0.862,0.715292,0.752917,0.201487,1298,2487,3785,35.342,35.7646,75.29169999999999,13.499629
220,2011-08-08,3,0,8,0,1,1,1,0.888,0.703283,0.592083,0.192175,846,3480,4326,36.408,35.16415,59.2083,12.875725000000001
221,2011-08-09,3,0,8,0,2,1,1,0.899,0.724121,0.570417,0.151121,907,3695,4602,36.859,36.20605,57.04169999999999,10.125107
222,2011-08-10,3,0,8,0,3,1,1,0.89,0.684983,0.424167,0.200258,884,3896,4780,36.49,34.24915,42.4167,13.417285999999999
223,2011-08-11,3,0,8,0,4,1,1,0.833,0.651521,0.42375,0.164796,812,3980,4792,34.153,32.57605,42.375,11.041332
224,2011-08-12,3,0,8,0,5,1,1,0.822,0.654042,0.415,0.125621,1051,3854,4905,33.702,32.7021,41.5,8.416607
225,2011-08-13,3,0,8,0,6,0,2,0.796,0.645858,0.729583,0.211454,1504,2646,4150,32.636,32.2929,72.9583,14.167418
226,2011-08-14,3,0,8,0,0,0,2,0.785,0.624388,0.8175,0.222633,1338,2482,3820,32.185,31.219400000000004,81.75,14.916411
227,2011-08-15,3,0,8,0,1,1,1,0.773,0.616167,0.712083,0.208954,775,3563,4338,31.693,30.80835,71.20830000000001,13.999918
228,2011-08-16,3,0,8,0,2,1,1,0.813,0.645837,0.578333,0.236329,721,4004,4725,33.333,32.29185,57.8333,15.834043000000001
229,2011-08-17,3,0,8,0,3,1,1,0.839,0.666671,0.575417,0.143667,668,4026,4694,34.399,33.33355,57.5417,9.625689
230,2011-08-18,3,0,8,0,4,1,1,0.826,0.662258,0.654583,0.233208,639,3166,3805,33.866,33.1129,65.45830000000001,15.624936
231,2011-08-19,3,0,8,0,5,1,2,0.795,0.633221,0.722917,0.139308,797,3356,4153,32.595,31.661050000000003,72.2917,9.333635999999998
232,2011-08-20,3,0,8,0,6,0,1,0.809,0.648996,0.674167,0.104467,1914,3277,5191,33.169000000000004,32.4498,67.41669999999999,6.999289
233,2011-08-21,3,0,8,0,0,0,1,0.825,0.675525,0.77,0.248754,1249,2624,3873,33.824999999999996,33.776250000000005,77.0,16.666518
234,2011-08-22,3,0,8,0,1,1,1,0.803,0.638254,0.47,0.27675,833,3925,4758,32.923,31.9127,47.0,18.54225
235,2011-08-23,3,0,8,0,2,1,1,0.744,0.606067,0.455417,0.146763,1281,4614,5895,30.504,30.303350000000002,45.5417,9.833121
236,2011-08-24,3,0,8,0,3,1,1,0.781,0.630692,0.605,0.253108,949,4181,5130,32.021,31.5346,60.5,16.958236
237,2011-08-25,3,0,8,0,4,1,2,0.794,0.645854,0.771667,0.210833,435,3107,3542,32.554,32.2927,77.1667,14.125810999999999
238,2011-08-26,3,0,8,0,5,1,1,0.812,0.659733,0.76125,0.0839625,768,3893,4661,33.292,32.98665,76.125,5.625487499999999
239,2011-08-27,3,0,8,0,6,0,2,0.789,0.635556,0.85,0.375617,226,889,1115,32.349000000000004,31.7778,85.0,25.166338999999997
240,2011-08-28,3,0,8,0,0,0,1,0.821,0.647959,0.561765,0.304659,1415,2919,4334,33.661,32.397949999999994,56.1765,20.412153
241,2011-08-29,3,0,8,0,1,1,1,0.739,0.607958,0.554583,0.159825,729,3905,4634,30.299,30.3979,55.45830000000001,10.708275
242,2011-08-30,3,0,8,0,2,1,1,0.742,0.594704,0.548333,0.125008,775,4429,5204,30.422,29.7352,54.833299999999994,8.375536
243,2011-08-31,3,0,8,0,3,1,1,0.762,0.611121,0.597917,0.0833333,688,4370,5058,31.242,30.556050000000003,59.791700000000006,5.5833311
244,2011-09-01,3,0,9,0,4,1,1,0.76,0.614921,0.639167,0.141796,783,4332,5115,31.16,30.746050000000004,63.916700000000006,9.500332
245,2011-09-02,3,0,9,0,5,1,2,0.747,0.604808,0.727083,0.139929,875,3852,4727,30.627,30.2404,72.70830000000001,9.375243
246,2011-09-03,3,0,9,0,6,0,1,0.777,0.633213,0.716667,0.185325,1935,2549,4484,31.857,31.66065,71.6667,12.416775
247,2011-09-04,3,0,9,0,0,0,1,0.823,0.665429,0.742083,0.206467,2521,2419,4940,33.742999999999995,33.27145,74.20830000000001,13.833289
248,2011-09-05,3,0,9,1,1,0,2,0.781,0.625646,0.790417,0.212696,1236,2115,3351,32.021,31.282300000000003,79.0417,14.250632
249,2011-09-06,3,0,9,0,2,1,3,0.627,0.5152,0.886957,0.343943,204,2506,2710,25.707,25.759999999999998,88.6957,23.044181
250,2011-09-07,3,0,9,0,3,1,3,0.695,0.544229,0.917083,0.0970208,118,1878,1996,28.494999999999997,27.21145,91.7083,6.500393600000001
251,2011-09-08,3,0,9,0,4,1,3,0.736,0.555361,0.939565,0.192748,153,1689,1842,30.176,27.76805,93.9565,12.914116
252,2011-09-09,3,0,9,0,5,1,2,0.754,0.578946,0.897917,0.124379,417,3127,3544,30.914,28.9473,89.79169999999999,8.333393000000001
253,2011-09-10,3,0,9,0,6,0,1,0.766,0.607962,0.75375,0.153608,1750,3595,5345,31.406,30.3981,75.375,10.291736
254,2011-09-11,3,0,9,0,0,0,1,0.758,0.609229,0.71375,0.115054,1633,3413,5046,31.078,30.46145,71.375,7.708618
255,2011-09-12,3,0,9,0,1,1,1,0.748,0.60213,0.692174,0.088913,690,4023,4713,30.668,30.106500000000004,69.2174,5.957171000000001
256,2011-09-13,3,0,9,0,2,1,1,0.755,0.603554,0.7125,0.141804,701,4062,4763,30.955000000000002,30.1777,71.25,9.500868
257,2011-09-14,3,0,9,0,3,1,1,0.781,0.6269,0.697083,0.1673,647,4138,4785,32.021,31.345,69.7083,11.2091
258,2011-09-15,3,0,9,0,4,1,2,0.67,0.553671,0.709167,0.271146,428,3231,3659,27.470000000000002,27.68355,70.9167,18.166782
259,2011-09-16,3,0,9,0,5,1,2,0.544,0.461475,0.590417,0.164183,742,4018,4760,22.304000000000002,23.07375,59.0417,11.000261
260,2011-09-17,3,0,9,0,6,0,2,0.571,0.478512,0.718333,0.189675,1434,3077,4511,23.410999999999998,23.9256,71.8333,12.708225
261,2011-09-18,3,0,9,0,0,0,1,0.589,0.490537,0.695,0.178483,1353,2921,4274,24.148999999999997,24.52685,69.5,11.958361
262,2011-09-19,3,0,9,0,1,1,2,0.637,0.529675,0.69,0.151742,691,3848,4539,26.117,26.48375,69.0,10.166713999999999
263,2011-09-20,3,0,9,0,2,1,2,0.652,0.532217,0.88125,0.134954,438,3203,3641,26.732,26.610850000000003,88.125,9.041917999999999
264,2011-09-21,3,0,9,0,3,1,2,0.691,0.550533,0.9,0.0964042,539,3813,4352,28.331,27.526650000000004,90.0,6.4590814
265,2011-09-22,3,0,9,0,4,1,2,0.729,0.554963,0.902083,0.128125,555,4240,4795,29.889,27.74815,90.2083,8.584375
266,2011-09-23,4,0,9,0,5,1,2,0.707,0.522125,0.9725,0.0783667,258,2137,2395,28.987,26.106249999999996,97.25,5.2505689
267,2011-09-24,4,0,9,0,6,0,2,0.704,0.564412,0.8625,0.0783833,1776,3647,5423,28.863999999999997,28.2206,86.25,5.2516811
268,2011-09-25,4,0,9,0,0,0,2,0.736,0.572637,0.845,0.0503792,1544,3466,5010,30.176,28.631849999999996,84.5,3.3754064
269,2011-09-26,4,0,9,0,1,1,2,0.753,0.589042,0.848333,0.1107,684,3946,4630,30.873,29.452099999999998,84.8333,7.4169
270,2011-09-27,4,0,9,0,2,1,2,0.739,0.574525,0.885417,0.118171,477,3643,4120,30.299,28.726249999999997,88.5417,7.917457
271,2011-09-28,4,0,9,0,3,1,2,0.737,0.575158,0.84875,0.148629,480,3427,3907,30.217,28.757899999999996,84.875,9.958143000000002
272,2011-09-29,4,0,9,0,4,1,1,0.716,0.574512,0.699167,0.172883,653,4186,4839,29.355999999999998,28.7256,69.91669999999999,11.583161
273,2011-09-30,4,0,9,0,5,1,1,0.655,0.544829,0.6475,0.206475,830,4372,5202,26.855,27.24145,64.75,13.833825
274,2011-10-01,4,0,10,0,6,0,2,0.476,0.412863,0.75375,0.292296,480,1949,2429,19.516,20.64315,75.375,19.583832
275,2011-10-02,4,0,10,0,0,0,2,0.414,0.345317,0.791667,0.222013,616,2302,2918,16.974,17.26585,79.1667,14.874870999999999
276,2011-10-03,4,0,10,0,1,1,2,0.446,0.392046,0.760833,0.0833458,330,3240,3570,18.286,19.6023,76.0833,5.5841686
277,2011-10-04,4,0,10,0,2,1,1,0.562,0.472858,0.71,0.205854,486,3970,4456,23.042,23.6429,71.0,13.792218
278,2011-10-05,4,0,10,0,3,1,1,0.625,0.527138,0.647917,0.17725,559,4267,4826,25.625,26.3569,64.79169999999999,11.87575
279,2011-10-06,4,0,10,0,4,1,1,0.574,0.480425,0.620833,0.134954,639,4126,4765,23.534,24.02125,62.083299999999994,9.041917999999999
280,2011-10-07,4,0,10,0,5,1,1,0.593,0.504404,0.684167,0.0223917,949,4036,4985,24.313,25.2202,68.41669999999999,1.5002439
281,2011-10-08,4,0,10,0,6,0,1,0.605,0.513242,0.70125,0.0454042,2235,3174,5409,24.805,25.6621,70.125,3.0420814
282,2011-10-09,4,0,10,0,0,0,1,0.628,0.523983,0.7275,0.06345,2397,3114,5511,25.748,26.19915,72.75,4.251150000000001
283,2011-10-10,4,0,10,1,1,0,1,0.662,0.542925,0.73375,0.0423042,1514,3603,5117,27.142000000000003,27.14625,73.375,2.8343814
284,2011-10-11,4,0,10,0,2,1,2,0.658,0.546096,0.80875,0.143042,667,3896,4563,26.978,27.3048,80.875,9.583814
285,2011-10-12,4,0,10,0,3,1,3,0.631,0.517717,0.90625,0.24815,217,2199,2416,25.871,25.885849999999998,90.625,16.62605
286,2011-10-13,4,0,10,0,4,1,2,0.684,0.551804,0.896667,0.141787,290,2623,2913,28.044,27.5902,89.6667,9.499729
287,2011-10-14,4,0,10,0,5,1,2,0.639,0.529675,0.71625,0.223883,529,3115,3644,26.199,26.48375,71.625,15.000161
288,2011-10-15,4,0,10,0,6,0,1,0.588,0.498725,0.483333,0.258083,1899,3318,5217,24.107999999999997,24.936249999999998,48.3333,17.291561
289,2011-10-16,4,0,10,0,0,0,1,0.594,0.503154,0.486667,0.281717,1748,3293,5041,24.354,25.1577,48.6667,18.875039
290,2011-10-17,4,0,10,0,1,1,1,0.62,0.510725,0.579583,0.175379,713,3857,4570,25.419999999999998,25.53625,57.958299999999994,11.750393
291,2011-10-18,4,0,10,0,2,1,2,0.618,0.522721,0.701667,0.110087,637,4111,4748,25.338,26.13605,70.1667,7.375829
292,2011-10-19,4,0,10,0,3,1,3,0.629,0.513848,0.895217,0.243339,254,2170,2424,25.789,25.6924,89.52170000000001,16.303713
293,2011-10-20,4,0,10,0,4,1,1,0.552,0.466525,0.63625,0.422275,471,3724,4195,22.632,23.32625,63.625,28.292425
294,2011-10-21,4,0,10,0,5,1,1,0.496,0.423596,0.574167,0.221396,676,3628,4304,20.336,21.1798,57.4167,14.833532
295,2011-10-22,4,0,10,0,6,0,1,0.49,0.425492,0.629167,0.0926667,1499,2809,4308,20.09,21.2746,62.916700000000006,6.2086689
296,2011-10-23,4,0,10,0,0,0,1,0.489,0.422333,0.74125,0.0995125,1619,2762,4381,20.049,21.11665,74.125,6.6673375
297,2011-10-24,4,0,10,0,1,1,1,0.538,0.457067,0.772083,0.118792,699,3488,4187,22.058,22.85335,77.2083,7.959064
298,2011-10-25,4,0,10,0,2,1,1,0.547,0.463375,0.622917,0.166658,695,3992,4687,22.427000000000003,23.16875,62.291700000000006,11.166086
299,2011-10-26,4,0,10,0,3,1,2,0.562,0.472846,0.720417,0.148642,404,3490,3894,23.042,23.6423,72.04169999999999,9.959014
300,2011-10-27,4,0,10,0,4,1,2,0.545,0.457046,0.812917,0.197763,240,2419,2659,22.345000000000002,22.8523,81.2917,13.250121
301,2011-10-28,4,0,10,0,5,1,2,0.384,0.318812,0.585833,0.229479,456,3291,3747,15.744,15.9406,58.58330000000001,15.375093
302,2011-10-29,4,0,10,0,6,0,3,0.295,0.227913,0.8825,0.351371,57,570,627,12.094999999999999,11.39565,88.25,23.541857
303,2011-10-30,4,0,10,0,0,0,1,0.37,0.321329,0.62375,0.176617,885,2446,3331,15.17,16.06645,62.375,11.833339
304,2011-10-31,4,0,10,0,1,1,1,0.395,0.356063,0.703333,0.10635,362,3307,3669,16.195,17.803150000000002,70.3333,7.12545
305,2011-11-01,4,0,11,0,2,1,1,0.465,0.397088,0.68375,0.135571,410,3658,4068,19.065,19.8544,68.375,9.083257
306,2011-11-02,4,0,11,0,3,1,1,0.438,0.390133,0.71875,0.0820917,370,3816,4186,17.958,19.50665,71.875,5.5001439
307,2011-11-03,4,0,11,0,4,1,1,0.474,0.405921,0.702083,0.136817,318,3656,3974,19.433999999999997,20.296049999999997,70.20830000000001,9.166739
308,2011-11-04,4,0,11,0,5,1,2,0.468,0.403392,0.6225,0.271779,470,3576,4046,19.188000000000002,20.1696,62.25000000000001,18.209193
309,2011-11-05,4,0,11,0,6,0,1,0.379,0.323854,0.519167,0.189062,1156,2770,3926,15.539,16.1927,51.916700000000006,12.667154
310,2011-11-06,4,0,11,0,0,0,1,0.404,0.362358,0.734583,0.0920542,952,2697,3649,16.564,18.117900000000002,73.4583,6.1676314
311,2011-11-07,4,0,11,0,1,1,1,0.458,0.400871,0.75875,0.057225,373,3662,4035,18.778000000000002,20.04355,75.875,3.834075
312,2011-11-08,4,0,11,0,2,1,1,0.474,0.412246,0.721667,0.0690375,376,3829,4205,19.433999999999997,20.6123,72.16669999999999,4.6255125
313,2011-11-09,4,0,11,0,3,1,1,0.464,0.409079,0.758333,0.0621958,305,3804,4109,19.024,20.453950000000003,75.83330000000001,4.1671186
314,2011-11-10,4,0,11,0,4,1,2,0.441,0.373721,0.813333,0.189067,190,2743,2933,18.081,18.68605,81.3333,12.667489000000002
315,2011-11-11,4,0,11,1,5,0,1,0.376,0.306817,0.44625,0.314675,440,2928,3368,15.416,15.34085,44.625,21.083225
316,2011-11-12,4,0,11,0,6,0,1,0.414,0.357942,0.552917,0.212062,1275,2792,4067,16.974,17.8971,55.2917,14.208154
317,2011-11-13,4,0,11,0,0,0,1,0.512,0.43055,0.458333,0.281721,1004,2713,3717,20.992,21.5275,45.8333,18.875307
318,2011-11-14,4,0,11,0,1,1,1,0.615,0.524612,0.587083,0.306596,595,3891,4486,25.215,26.2306,58.7083,20.541932
319,2011-11-15,4,0,11,0,2,1,2,0.615,0.507579,0.68875,0.199633,449,3746,4195,25.215,25.37895,68.875,13.375411
320,2011-11-16,4,0,11,0,3,1,3,0.53,0.451988,0.93,0.136829,145,1672,1817,21.73,22.5994,93.0,9.167543
321,2011-11-17,4,0,11,0,4,1,2,0.397,0.323221,0.575833,0.305362,139,2914,3053,16.277,16.16105,57.5833,20.459254
322,2011-11-18,4,0,11,0,5,1,1,0.318,0.272721,0.41,0.168533,245,3147,3392,13.038,13.63605,41.0,11.291711
323,2011-11-19,4,0,11,0,6,0,1,0.382,0.324483,0.502083,0.224496,943,2720,3663,15.662,16.22415,50.208299999999994,15.041232
324,2011-11-20,4,0,11,0,0,0,2,0.538,0.457058,0.684583,0.18595,787,2733,3520,22.058,22.8529,68.45830000000001,12.45865
325,2011-11-21,4,0,11,0,1,1,3,0.519,0.445062,0.91,0.138054,220,2545,2765,21.279,22.2531,91.0,9.249618
326,2011-11-22,4,0,11,0,2,1,3,0.484,0.421696,0.9625,0.118792,69,1538,1607,19.844,21.0848,96.25,7.959064
327,2011-11-23,4,0,11,0,3,1,2,0.512,0.430537,0.757917,0.335825,112,2454,2566,20.992,21.52685,75.79169999999999,22.500275
328,2011-11-24,4,0,11,1,4,0,1,0.433,0.372471,0.549167,0.167304,560,935,1495,17.753,18.62355,54.9167,11.209368000000001
329,2011-11-25,4,0,11,0,5,1,1,0.435,0.380671,0.64375,0.0988958,1095,1697,2792,17.835,19.033549999999998,64.375,6.6260186
330,2011-11-26,4,0,11,0,6,0,1,0.436,0.385087,0.681667,0.0684208,1249,1819,3068,17.876,19.254350000000002,68.1667,4.5841936
331,2011-11-27,4,0,11,0,0,0,1,0.533,0.4558,0.698333,0.208954,810,2261,3071,21.853,22.79,69.8333,13.999918
332,2011-11-28,4,0,11,0,1,1,1,0.584,0.490122,0.743043,0.142122,253,3614,3867,23.944,24.5061,74.3043,9.522174
333,2011-11-29,4,0,11,0,2,1,2,0.532,0.451375,0.830833,0.258092,96,2818,2914,21.812,22.56875,83.08330000000001,17.292164
334,2011-11-30,4,0,11,0,3,1,1,0.377,0.311221,0.613333,0.271158,188,3425,3613,15.457,15.561050000000002,61.3333,18.167586
335,2011-12-01,4,0,12,0,4,1,1,0.363,0.305554,0.524583,0.220158,182,3545,3727,14.883,15.2777,52.4583,14.750586
336,2011-12-02,4,0,12,0,5,1,1,0.365,0.331433,0.625833,0.100754,268,3672,3940,14.965,16.571649999999998,62.583299999999994,6.750518
337,2011-12-03,4,0,12,0,6,0,1,0.347,0.310604,0.612917,0.0957833,706,2908,3614,14.226999999999999,15.530199999999999,61.291700000000006,6.4174811
338,2011-12-04,4,0,12,0,0,0,1,0.384,0.3491,0.775833,0.0839583,634,2851,3485,15.744,17.455000000000002,77.5833,5.6252061
339,2011-12-05,4,0,12,0,1,1,2,0.448,0.393925,0.827083,0.0622083,233,3578,3811,18.368000000000002,19.696250000000003,82.70830000000001,4.1679561000000005
340,2011-12-06,4,0,12,0,2,1,3,0.537,0.4564,0.949583,0.232583,126,2468,2594,22.017000000000003,22.82,94.9583,15.583061
341,2011-12-07,4,0,12,0,3,1,3,0.476,0.400246,0.970417,0.266175,50,655,705,19.516,20.0123,97.04169999999999,17.833725
342,2011-12-08,4,0,12,0,4,1,1,0.309,0.256938,0.58,0.240058,150,3172,3322,12.669,12.8469,57.99999999999999,16.083886
343,2011-12-09,4,0,12,0,5,1,1,0.338,0.317542,0.695833,0.0827167,261,3359,3620,13.858,15.877099999999999,69.58330000000001,5.5420189
344,2011-12-10,4,0,12,0,6,0,1,0.319,0.266412,0.5075,0.233221,502,2688,3190,13.079,13.320599999999999,50.74999999999999,15.625807
345,2011-12-11,4,0,12,0,0,0,1,0.256,0.253154,0.49,0.0665417,377,2366,2743,10.496,12.6577,49.0,4.458293899999999
346,2011-12-12,4,0,12,0,1,1,1,0.277,0.270196,0.670833,0.06345,143,3167,3310,11.357000000000001,13.5098,67.08330000000001,4.251150000000001
347,2011-12-13,4,0,12,0,2,1,1,0.328,0.301138,0.59,0.14055,155,3368,3523,13.448,15.0569,59.0,9.41685
348,2011-12-14,4,0,12,0,3,1,2,0.368,0.338362,0.66375,0.0609583,178,3562,3740,15.088,16.9181,66.375,4.0842061
349,2011-12-15,4,0,12,0,4,1,2,0.49,0.412237,0.634167,0.268042,181,3528,3709,20.09,20.61185,63.416700000000006,17.958814
350,2011-12-16,4,0,12,0,5,1,2,0.435,0.359825,0.500417,0.260575,178,3399,3577,17.835,17.99125,50.0417,17.458525
351,2011-12-17,4,0,12,0,6,0,2,0.3,0.249371,0.560833,0.243167,275,2464,2739,12.299999999999999,12.46855,56.0833,16.292189
352,2011-12-18,4,0,12,0,0,0,1,0.277,0.245579,0.58625,0.169779,220,2211,2431,11.357000000000001,12.27895,58.62500000000001,11.375193000000001
353,2011-12-19,4,0,12,0,1,1,1,0.321,0.280933,0.6375,0.172896,260,3143,3403,13.161,14.04665,63.74999999999999,11.584031999999999
354,2011-12-20,4,0,12,0,2,1,2,0.448,0.396454,0.595417,0.0615708,216,3534,3750,18.368000000000002,19.822699999999998,59.5417,4.1252436
355,2011-12-21,1,0,12,0,3,1,2,0.497,0.428017,0.858333,0.2214,107,2553,2660,20.377,21.40085,85.83330000000001,14.8338
356,2011-12-22,1,0,12,0,4,1,2,0.491,0.426121,0.7575,0.047275,227,2841,3068,20.131,21.306050000000003,75.75,3.1674249999999997
357,2011-12-23,1,0,12,0,5,1,1,0.433,0.377513,0.68625,0.274246,163,2046,2209,17.753,18.87565,68.625,18.374482
358,2011-12-24,1,0,12,0,6,0,1,0.351,0.299242,0.5425,0.190304,155,856,1011,14.390999999999998,14.9621,54.25,12.750368
359,2011-12-25,1,0,12,0,0,0,1,0.319,0.279961,0.681304,0.155091,303,451,754,13.079,13.998050000000001,68.13040000000001,10.391097
360,2011-12-26,1,0,12,1,1,0,1,0.373,0.315535,0.506957,0.239465,430,887,1317,15.293,15.77675,50.6957,16.044155
361,2011-12-27,1,0,12,0,2,1,2,0.377,0.327633,0.7625,0.18845,103,1059,1162,15.457,16.38165,76.25,12.62615
362,2011-12-28,1,0,12,0,3,1,1,0.347,0.279974,0.503913,0.293961,255,2047,2302,14.226999999999999,13.9987,50.39130000000001,19.695386999999997
363,2011-12-29,1,0,12,0,4,1,1,0.288,0.263892,0.574167,0.119412,254,2169,2423,11.808,13.194600000000001,57.4167,8.000604000000001
364,2011-12-30,1,0,12,0,5,1,1,0.362,0.318812,0.636667,0.134337,491,2508,2999,14.841999999999999,15.9406,63.6667,9.000579
365,2011-12-31,1,0,12,0,6,0,1,0.476,0.414121,0.615833,0.220154,665,1820,2485,19.516,20.70605,61.583299999999994,14.750318
366,2012-01-01,1,1,1,0,0,0,1,0.429,0.375621,0.6925,0.192167,686,1608,2294,17.589,18.78105,69.25,12.875189
367,2012-01-02,1,1,1,1,1,0,1,0.317,0.252304,0.381304,0.329665,244,1707,1951,12.997,12.615199999999998,38.130399999999995,22.087555
368,2012-01-03,1,1,1,0,2,1,1,0.174,0.126275,0.44125,0.365671,89,2147,2236,7.1339999999999995,6.31375,44.125,24.499957000000002
369,2012-01-04,1,1,1,0,3,1,2,0.125,0.119337,0.414583,0.1847,95,2273,2368,5.125,5.96685,41.4583,12.3749
370,2012-01-05,1,1,1,0,4,1,1,0.309,0.278412,0.524167,0.129987,140,3132,3272,12.669,13.9206,52.416700000000006,8.709128999999999
371,2012-01-06,1,1,1,0,5,1,1,0.388,0.340267,0.542083,0.167908,307,3791,4098,15.908000000000001,17.01335,54.2083,11.249836
372,2012-01-07,1,1,1,0,6,0,1,0.456,0.390779,0.531667,0.174758,1070,3451,4521,18.696,19.53895,53.1667,11.708786
373,2012-01-08,1,1,1,0,0,0,1,0.392,0.340258,0.465,0.191542,599,2826,3425,16.072,17.012900000000002,46.5,12.833314
374,2012-01-09,1,1,1,0,1,1,2,0.26,0.247479,0.701667,0.0989,106,2270,2376,10.66,12.37395,70.1667,6.6263000000000005
375,2012-01-10,1,1,1,0,2,1,1,0.358,0.318826,0.646522,0.187552,173,3425,3598,14.677999999999999,15.9413,64.65220000000001,12.565984
376,2012-01-11,1,1,1,0,3,1,2,0.318,0.282821,0.8475,0.131221,92,2085,2177,13.038,14.14105,84.75,8.791807
377,2012-01-12,1,1,1,0,4,1,2,0.444,0.381938,0.802917,0.180967,269,3828,4097,18.204,19.0969,80.2917,12.124789
378,2012-01-13,1,1,1,0,5,1,1,0.318,0.249362,0.5075,0.378108,174,3040,3214,13.038,12.4681,50.74999999999999,25.333236
379,2012-01-14,1,1,1,0,6,0,1,0.209,0.183087,0.4575,0.187183,333,2160,2493,8.568999999999999,9.15435,45.75,12.541260999999999
380,2012-01-15,1,1,1,0,0,0,1,0.193,0.161625,0.419167,0.251258,284,2027,2311,7.913,8.081249999999999,41.9167,16.834286
381,2012-01-16,1,1,1,1,1,0,1,0.221,0.190663,0.5225,0.231358,217,2081,2298,9.061,9.53315,52.25,15.500986000000001
382,2012-01-17,1,1,1,0,2,1,2,0.433,0.364278,0.716087,0.34913,127,2808,2935,17.753,18.2139,71.6087,23.39171
383,2012-01-18,1,1,1,0,3,1,1,0.352,0.275254,0.443333,0.415429,109,3267,3376,14.431999999999999,13.7627,44.333299999999994,27.833743
384,2012-01-19,1,1,1,0,4,1,1,0.221,0.190038,0.4975,0.220158,130,3162,3292,9.061,9.501900000000001,49.75,14.750586
385,2012-01-20,1,1,1,0,5,1,2,0.252,0.220958,0.45,0.20275,115,3048,3163,10.332,11.047899999999998,45.0,13.58425
386,2012-01-21,1,1,1,0,6,0,2,0.201,0.174875,0.83125,0.222642,67,1234,1301,8.241,8.74375,83.125,14.917014
387,2012-01-22,1,1,1,0,0,0,2,0.189,0.16225,0.79625,0.199638,196,1781,1977,7.749,8.1125,79.625,13.375746000000001
388,2012-01-23,1,1,1,0,1,1,2,0.253,0.243058,0.91125,0.110708,145,2287,2432,10.373,12.152899999999999,91.125,7.417436
389,2012-01-24,1,1,1,0,2,1,1,0.397,0.349108,0.835833,0.123767,439,3900,4339,16.277,17.455399999999997,83.58330000000001,8.292389
390,2012-01-25,1,1,1,0,3,1,1,0.341,0.294821,0.64375,0.161071,467,3803,4270,13.981000000000002,14.74105,64.375,10.791756999999999
391,2012-01-26,1,1,1,0,4,1,2,0.397,0.35605,0.769583,0.0733958,244,3831,4075,16.277,17.8025,76.95830000000001,4.9175186
392,2012-01-27,1,1,1,0,5,1,2,0.493,0.415383,0.74125,0.342667,269,3187,3456,20.213,20.76915,74.125,22.958689
393,2012-01-28,1,1,1,0,6,0,1,0.367,0.326379,0.543333,0.210829,775,3248,4023,15.047,16.318949999999997,54.333299999999994,14.125542999999999
394,2012-01-29,1,1,1,0,0,0,1,0.328,0.272721,0.31125,0.24005,558,2685,3243,13.448,13.63605,31.125000000000004,16.08335
395,2012-01-30,1,1,1,0,1,1,1,0.312,0.262625,0.400833,0.215792,126,3498,3624,12.792,13.13125,40.0833,14.458064
396,2012-01-31,1,1,1,0,2,1,1,0.453,0.381317,0.416667,0.261817,324,4185,4509,18.573,19.06585,41.6667,17.541739
397,2012-02-01,1,1,2,0,3,1,1,0.544,0.466538,0.507917,0.189067,304,4275,4579,22.304000000000002,23.326900000000002,50.79169999999999,12.667489000000002
398,2012-02-02,1,1,2,0,4,1,2,0.463,0.398971,0.672917,0.187187,190,3571,3761,18.983,19.94855,67.29169999999999,12.541528999999999
399,2012-02-03,1,1,2,0,5,1,1,0.364,0.309346,0.526667,0.178496,310,3841,4151,14.924,15.4673,52.6667,11.959232
400,2012-02-04,1,1,2,0,6,0,2,0.307,0.272725,0.779583,0.121896,384,2448,2832,12.587,13.63625,77.95830000000001,8.167032
401,2012-02-05,1,1,2,0,0,0,2,0.309,0.264521,0.687917,0.175996,318,2629,2947,12.669,13.22605,68.7917,11.791732000000001
402,2012-02-06,1,1,2,0,1,1,1,0.328,0.296426,0.622174,0.1538,206,3578,3784,13.448,14.8213,62.2174,10.304599999999999
403,2012-02-07,1,1,2,0,2,1,1,0.411,0.361104,0.49625,0.147379,199,4176,4375,16.851,18.0552,49.625,9.874393000000001
404,2012-02-08,1,1,2,0,3,1,2,0.298,0.266421,0.722917,0.133721,109,2693,2802,12.218,13.321050000000001,72.2917,8.959307
405,2012-02-09,1,1,2,0,4,1,1,0.308,0.261988,0.562083,0.194037,163,3667,3830,12.628,13.0994,56.2083,13.000478999999999
406,2012-02-10,1,1,2,0,5,1,2,0.326,0.293558,0.54,0.116929,227,3604,3831,13.366,14.6779,54.0,7.834243000000001
407,2012-02-11,1,1,2,0,6,0,3,0.26,0.210867,0.73125,0.289796,192,1977,2169,10.66,10.54335,73.125,19.416332
408,2012-02-12,1,1,2,0,0,0,1,0.148,0.101658,0.464583,0.409212,73,1456,1529,6.068,5.0828999999999995,46.4583,27.417204
409,2012-02-13,1,1,2,0,1,1,1,0.258,0.227913,0.41125,0.167283,94,3328,3422,10.578,11.39565,41.125,11.207961
410,2012-02-14,1,1,2,0,2,1,2,0.37,0.333946,0.50875,0.141179,135,3787,3922,15.17,16.697300000000002,50.875,9.458993
411,2012-02-15,1,1,2,0,3,1,1,0.404,0.351629,0.53125,0.1816,141,4028,4169,16.564,17.58145,53.125,12.167200000000001
412,2012-02-16,1,1,2,0,4,1,2,0.368,0.330162,0.752917,0.091425,74,2931,3005,15.088,16.5081,75.29169999999999,6.125475000000001
413,2012-02-17,1,1,2,0,5,1,1,0.398,0.351629,0.634583,0.205846,349,3805,4154,16.318,17.58145,63.4583,13.791682
414,2012-02-18,1,1,2,0,6,0,1,0.402,0.355425,0.534583,0.190929,1435,2883,4318,16.482,17.77125,53.4583,12.792243
415,2012-02-19,1,1,2,0,0,0,2,0.325,0.265788,0.515833,0.253112,618,2071,2689,13.325000000000001,13.2894,51.5833,16.958504
416,2012-02-20,1,1,2,1,1,0,1,0.325,0.273391,0.507826,0.229083,502,2627,3129,13.325000000000001,13.66955,50.7826,15.348561
417,2012-02-21,1,1,2,0,2,1,1,0.334,0.295113,0.594348,0.205717,163,3614,3777,13.694,14.755650000000001,59.434799999999996,13.783039
418,2012-02-22,1,1,2,0,3,1,1,0.459,0.392667,0.567917,0.234471,394,4379,4773,18.819,19.63335,56.7917,15.709557
419,2012-02-23,1,1,2,0,4,1,1,0.527,0.444446,0.554583,0.190913,516,4546,5062,21.607,22.2223,55.45830000000001,12.791171
420,2012-02-24,1,1,2,0,5,1,2,0.473,0.410971,0.7375,0.237567,246,3241,3487,19.393,20.54855,73.75,15.916989
421,2012-02-25,1,1,2,0,6,0,1,0.338,0.255675,0.395833,0.421642,317,2415,2732,13.858,12.78375,39.5833,28.250014
422,2012-02-26,1,1,2,0,0,0,1,0.324,0.268308,0.41,0.205229,515,2874,3389,13.284,13.4154,41.0,13.750342999999999
423,2012-02-27,1,1,2,0,1,1,1,0.426,0.357954,0.490833,0.268033,253,4069,4322,17.466,17.8977,49.0833,17.958211000000002
424,2012-02-28,1,1,2,0,2,1,1,0.417,0.353525,0.395833,0.193417,229,4134,4363,17.096999999999998,17.67625,39.5833,12.958939
425,2012-02-29,1,1,2,0,3,1,2,0.4,0.34847,0.804783,0.179117,65,1769,1834,16.400000000000002,17.4235,80.4783,12.000839
426,2012-03-01,1,1,3,0,4,1,1,0.564,0.475371,0.615417,0.226987,325,4665,4990,23.124,23.768549999999998,61.5417,15.208129
427,2012-03-02,1,1,3,0,5,1,2,0.41,0.359842,0.657083,0.144904,246,2948,3194,16.81,17.9921,65.7083,9.708568
428,2012-03-03,1,1,3,0,6,0,2,0.481,0.413492,0.62125,0.161079,956,3110,4066,19.721,20.6746,62.125,10.792293
429,2012-03-04,1,1,3,0,0,0,1,0.378,0.303021,0.403333,0.334571,710,2713,3423,15.498,15.15105,40.3333,22.416257
430,2012-03-05,1,1,3,0,1,1,1,0.282,0.241171,0.50625,0.228858,203,3130,3333,11.562,12.05855,50.625,15.333486
431,2012-03-06,1,1,3,0,2,1,1,0.3,0.255042,0.456667,0.200875,221,3735,3956,12.299999999999999,12.752099999999999,45.6667,13.458625
432,2012-03-07,1,1,3,0,3,1,1,0.469,0.3851,0.513333,0.345779,432,4484,4916,19.229,19.255,51.3333,23.167193
433,2012-03-08,1,1,3,0,4,1,1,0.612,0.524604,0.5675,0.441563,486,4896,5382,25.092,26.230199999999996,56.75,29.584721
434,2012-03-09,1,1,3,0,5,1,2,0.477,0.397083,0.407083,0.4148,447,4122,4569,19.557,19.85415,40.708299999999994,27.7916
435,2012-03-10,1,1,3,0,6,0,1,0.334,0.277767,0.350417,0.22575,968,3150,4118,13.694,13.888349999999999,35.0417,15.125250000000001
436,2012-03-11,1,1,3,0,0,0,1,0.42,0.35967,0.476957,0.222587,1658,3253,4911,17.22,17.9835,47.6957,14.913329000000001
437,2012-03-12,1,1,3,0,1,1,1,0.542,0.459592,0.489167,0.207713,838,4460,5298,22.222,22.9796,48.9167,13.916771
438,2012-03-13,1,1,3,0,2,1,1,0.656,0.542929,0.6175,0.23695,762,5085,5847,26.896,27.14645,61.75000000000001,15.87565
439,2012-03-14,1,1,3,0,3,1,1,0.664,0.548617,0.507083,0.115062,997,5315,6312,27.224,27.43085,50.708299999999994,7.709154
440,2012-03-15,1,1,3,0,4,1,1,0.647,0.532825,0.579583,0.149883,1005,5187,6192,26.527,26.64125,57.958299999999994,10.042161
441,2012-03-16,1,1,3,0,5,1,2,0.506,0.436229,0.842083,0.113192,548,3830,4378,20.746,21.81145,84.20830000000001,7.583864
442,2012-03-17,1,1,3,0,6,0,2,0.597,0.505046,0.755833,0.110704,3155,4681,7836,24.477,25.252299999999998,75.5833,7.417168
443,2012-03-18,1,1,3,0,0,0,2,0.548,0.464,0.81,0.126883,2207,3685,5892,22.468000000000004,23.200000000000003,81.0,8.501161
444,2012-03-19,1,1,3,0,1,1,1,0.632,0.532821,0.72875,0.162317,982,5171,6153,25.912,26.64105,72.875,10.875238999999999
445,2012-03-20,1,1,3,0,2,1,1,0.651,0.538533,0.807917,0.121271,1051,5042,6093,26.691000000000003,26.926650000000002,80.7917,8.125157
446,2012-03-21,2,1,3,0,3,1,2,0.617,0.513258,0.82125,0.0895583,1122,5108,6230,25.297,25.6629,82.125,6.000406099999999
447,2012-03-22,2,1,3,0,4,1,1,0.643,0.531567,0.83125,0.117562,1334,5537,6871,26.363,26.57835,83.125,7.876654
448,2012-03-23,2,1,3,0,5,1,2,0.698,0.570067,0.694167,0.1163,2469,5893,8362,28.618,28.50335,69.41669999999999,7.7921000000000005
449,2012-03-24,2,1,3,0,6,0,2,0.583,0.486733,0.885417,0.192783,1033,2339,3372,23.903,24.336650000000002,88.5417,12.916461
450,2012-03-25,2,1,3,0,0,0,2,0.508,0.437488,0.880833,0.220775,1532,3464,4996,20.828,21.874399999999998,88.0833,14.791924999999999
451,2012-03-26,2,1,3,0,1,1,1,0.517,0.43875,0.477917,0.386821,795,4763,5558,21.197,21.9375,47.7917,25.917007
452,2012-03-27,2,1,3,0,2,1,1,0.375,0.315654,0.29,0.187192,531,4571,5102,15.375,15.7827,28.999999999999996,12.541864
453,2012-03-28,2,1,3,0,3,1,1,0.562,0.47095,0.48125,0.291671,674,5024,5698,23.042,23.5475,48.125,19.541957
454,2012-03-29,2,1,3,0,4,1,1,0.574,0.482304,0.439167,0.31965,834,5299,6133,23.534,24.1152,43.9167,21.41655
455,2012-03-30,2,1,3,0,5,1,2,0.429,0.375621,0.580833,0.138067,796,4663,5459,17.589,18.78105,58.0833,9.250489
456,2012-03-31,2,1,3,0,6,0,2,0.492,0.421708,0.738333,0.250617,2301,3934,6235,20.172,21.0854,73.83330000000001,16.791338999999997
457,2012-04-01,2,1,4,0,0,0,2,0.494,0.417287,0.67625,0.172267,2347,3694,6041,20.254,20.86435,67.625,11.541889
458,2012-04-02,2,1,4,0,1,1,1,0.504,0.427513,0.504348,0.312139,1208,4728,5936,20.664,21.37565,50.4348,20.913313
459,2012-04-03,2,1,4,0,2,1,1,0.542,0.461483,0.396667,0.100133,1348,5424,6772,22.222,23.07415,39.6667,6.708911
460,2012-04-04,2,1,4,0,3,1,1,0.629,0.53345,0.469583,0.180975,1058,5378,6436,25.789,26.6725,46.958299999999994,12.125325
461,2012-04-05,2,1,4,0,4,1,1,0.505,0.431163,0.374167,0.219529,1192,5265,6457,20.705000000000002,21.55815,37.416700000000006,14.708443
462,2012-04-06,2,1,4,0,5,1,1,0.468,0.390767,0.377083,0.300388,1807,4653,6460,19.188000000000002,19.538349999999998,37.7083,20.125996
463,2012-04-07,2,1,4,0,6,0,1,0.508,0.426129,0.254167,0.274871,3252,3605,6857,20.828,21.306449999999998,25.4167,18.416356999999998
464,2012-04-08,2,1,4,0,0,0,1,0.58,0.492425,0.275833,0.232596,2230,2939,5169,23.779999999999998,24.62125,27.5833,15.583931999999999
465,2012-04-09,2,1,4,0,1,1,1,0.568,0.476638,0.3175,0.358196,905,4680,5585,23.287999999999997,23.8319,31.75,23.999132
466,2012-04-10,2,1,4,0,2,1,1,0.518,0.436233,0.435,0.249375,819,5099,5918,21.238,21.81165,43.5,16.708125000000003
467,2012-04-11,2,1,4,0,3,1,1,0.405,0.337274,0.469565,0.295274,482,4380,4862,16.605,16.8637,46.9565,19.783358
468,2012-04-12,2,1,4,0,4,1,1,0.461,0.387604,0.46625,0.290429,663,4746,5409,18.901,19.3802,46.625,19.458743
469,2012-04-13,2,1,4,0,5,1,1,0.514,0.431808,0.408333,0.155471,1252,5146,6398,21.074,21.590400000000002,40.8333,10.416557
470,2012-04-14,2,1,4,0,6,0,1,0.574,0.487996,0.502917,0.190917,2795,4665,7460,23.534,24.3998,50.29169999999999,12.791439
471,2012-04-15,2,1,4,0,0,0,1,0.704,0.573875,0.507917,0.225129,2846,4286,7132,28.863999999999997,28.69375,50.79169999999999,15.083643
472,2012-04-16,2,1,4,1,1,0,1,0.771,0.614925,0.561667,0.284829,1198,5172,6370,31.611,30.746250000000003,56.166700000000006,19.083543
473,2012-04-17,2,1,4,0,2,1,1,0.706,0.598487,0.390417,0.273629,989,5702,6691,28.945999999999998,29.92435,39.0417,18.333143
474,2012-04-18,2,1,4,0,3,1,2,0.538,0.457038,0.569167,0.167912,347,4020,4367,22.058,22.8519,56.9167,11.250104
475,2012-04-19,2,1,4,0,4,1,1,0.578,0.493046,0.6125,0.0659292,846,5719,6565,23.697999999999997,24.6523,61.25000000000001,4.417256399999999
476,2012-04-20,2,1,4,0,5,1,1,0.611,0.515775,0.694583,0.149871,1340,5950,7290,25.051,25.78875,69.4583,10.041357
477,2012-04-21,2,1,4,0,6,0,1,0.662,0.542921,0.682917,0.283587,2541,4083,6624,27.142000000000003,27.14605,68.2917,19.000328999999997
478,2012-04-22,2,1,4,0,0,0,3,0.46,0.389504,0.835417,0.344546,120,907,1027,18.86,19.4752,83.54169999999999,23.084582
479,2012-04-23,2,1,4,0,1,1,2,0.373,0.301125,0.766667,0.303496,195,3019,3214,15.293,15.056249999999999,76.66669999999999,20.334232
480,2012-04-24,2,1,4,0,2,1,1,0.48,0.405283,0.454167,0.249383,518,5115,5633,19.68,20.26415,45.4167,16.708661
481,2012-04-25,2,1,4,0,3,1,1,0.553,0.470317,0.427917,0.118792,655,5541,6196,22.673000000000002,23.51585,42.7917,7.959064
482,2012-04-26,2,1,4,0,4,1,2,0.578,0.483583,0.756667,0.176625,475,4551,5026,23.697999999999997,24.17915,75.66669999999999,11.833875
483,2012-04-27,2,1,4,0,5,1,1,0.531,0.452637,0.400833,0.347633,1014,5219,6233,21.771,22.63185,40.0833,23.291411
484,2012-04-28,2,1,4,0,6,0,2,0.437,0.377504,0.489583,0.129975,1120,3100,4220,17.917,18.8752,48.9583,8.708325
485,2012-04-29,2,1,4,0,0,0,1,0.532,0.450121,0.587083,0.116908,2229,4075,6304,21.812,22.50605,58.7083,7.8328359999999995
486,2012-04-30,2,1,4,0,1,1,2,0.539,0.457696,0.57,0.171638,665,4907,5572,22.099,22.8848,56.99999999999999,11.499746
487,2012-05-01,2,1,5,0,2,1,2,0.712,0.577021,0.659583,0.156096,653,5087,5740,29.192,28.85105,65.95830000000001,10.458432
488,2012-05-02,2,1,5,0,3,1,1,0.655,0.537896,0.797083,0.138058,667,5502,6169,26.855,26.894800000000004,79.7083,9.249885999999998
489,2012-05-03,2,1,5,0,4,1,2,0.65,0.537242,0.768333,0.133696,764,5657,6421,26.650000000000002,26.862099999999998,76.83330000000001,8.957632
490,2012-05-04,2,1,5,0,5,1,1,0.728,0.590917,0.735417,0.162938,1069,5227,6296,29.848,29.54585,73.54169999999999,10.916846
491,2012-05-05,2,1,5,0,6,0,2,0.721,0.584608,0.756667,0.152992,2496,4387,6883,29.561,29.2304,75.66669999999999,10.250464
492,2012-05-06,2,1,5,0,0,0,2,0.653,0.546737,0.74,0.149879,2135,4224,6359,26.773,27.336850000000002,74.0,10.041893
493,2012-05-07,2,1,5,0,1,1,2,0.624,0.527142,0.664167,0.230721,1008,5265,6273,25.584,26.3571,66.41669999999999,15.458307000000001
494,2012-05-08,2,1,5,0,2,1,2,0.675,0.557471,0.685833,0.296029,738,4990,5728,27.675,27.87355,68.58330000000001,19.833942999999998
495,2012-05-09,2,1,5,0,3,1,2,0.667,0.553025,0.744167,0.216412,620,4097,4717,27.347,27.65125,74.4167,14.499604
496,2012-05-10,2,1,5,0,4,1,1,0.587,0.491783,0.552083,0.314063,1026,5546,6572,24.067,24.58915,55.2083,21.042220999999998
497,2012-05-11,2,1,5,0,5,1,1,0.619,0.520833,0.360417,0.236937,1319,5711,7030,25.379,26.04165,36.0417,15.874779
498,2012-05-12,2,1,5,0,6,0,1,0.655,0.544817,0.480417,0.123133,2622,4807,7429,26.855,27.24085,48.0417,8.249911
499,2012-05-13,2,1,5,0,0,0,1,0.711,0.585238,0.57625,0.225117,2172,3946,6118,29.151,29.2619,57.62500000000001,15.082839
500,2012-05-14,2,1,5,0,1,1,2,0.665,0.5499,0.789583,0.212692,342,2501,2843,27.265,27.495000000000005,78.95830000000001,14.250364
501,2012-05-15,2,1,5,0,2,1,2,0.71,0.576404,0.794583,0.147392,625,4490,5115,29.11,28.8202,79.45830000000001,9.875264
502,2012-05-16,2,1,5,0,3,1,1,0.739,0.595975,0.697917,0.122512,991,6433,7424,30.299,29.798750000000002,69.7917,8.208304
503,2012-05-17,2,1,5,0,4,1,1,0.689,0.572613,0.52,0.229475,1242,6142,7384,28.249,28.630650000000003,52.0,15.374825000000001
504,2012-05-18,2,1,5,0,5,1,1,0.655,0.551121,0.523333,0.136817,1521,6118,7639,26.855,27.55605,52.33330000000001,9.166739
505,2012-05-19,2,1,5,0,6,0,1,0.696,0.566908,0.45625,0.083975,3410,4884,8294,28.535999999999998,28.345399999999998,45.625,5.626325
506,2012-05-20,2,1,5,0,0,0,1,0.721,0.583967,0.530417,0.254367,2704,4425,7129,29.561,29.19835,53.041700000000006,17.042589
507,2012-05-21,2,1,5,0,1,1,2,0.694,0.565667,0.81125,0.233204,630,3729,4359,28.453999999999997,28.283350000000002,81.125,15.624668
508,2012-05-22,2,1,5,0,2,1,2,0.714,0.580825,0.765833,0.118167,819,5254,6073,29.273999999999997,29.04125,76.5833,7.917189
509,2012-05-23,2,1,5,0,3,1,2,0.721,0.584612,0.774583,0.102,766,4494,5260,29.561,29.230600000000003,77.45830000000001,6.834
510,2012-05-24,2,1,5,0,4,1,1,0.76,0.6067,0.716667,0.172896,1059,5711,6770,31.16,30.335,71.6667,11.584031999999999
511,2012-05-25,2,1,5,0,5,1,1,0.789,0.627529,0.747083,0.14055,1417,5317,6734,32.349000000000004,31.37645,74.70830000000001,9.41685
512,2012-05-26,2,1,5,0,6,0,1,0.804,0.642696,0.7325,0.198992,2855,3681,6536,32.964,32.134800000000006,73.25,13.332464
513,2012-05-27,2,1,5,0,0,0,1,0.801,0.641425,0.697083,0.215171,3283,3308,6591,32.841,32.07125,69.7083,14.416457
514,2012-05-28,2,1,5,1,1,0,1,0.827,0.6793,0.67625,0.196521,2557,3486,6043,33.907,33.965,67.625,13.166907
515,2012-05-29,2,1,5,0,2,1,1,0.838,0.672992,0.684583,0.2954,880,4863,5743,34.358,33.6496,68.45830000000001,19.7918
516,2012-05-30,2,1,5,0,3,1,2,0.762,0.611129,0.67,0.134329,745,6110,6855,31.242,30.55645,67.0,9.000043
517,2012-05-31,2,1,5,0,4,1,1,0.789,0.631329,0.492917,0.195279,1100,6238,7338,32.349000000000004,31.566450000000003,49.2917,13.083693
518,2012-06-01,2,1,6,0,5,1,2,0.759,0.607962,0.755417,0.237563,533,3594,4127,31.119,30.3981,75.5417,15.916720999999999
519,2012-06-02,2,1,6,0,6,0,1,0.677,0.566288,0.549167,0.186562,2795,5325,8120,27.757,28.3144,54.9167,12.499654
520,2012-06-03,2,1,6,0,0,0,1,0.699,0.575133,0.493333,0.184087,2494,5147,7641,28.659,28.75665,49.3333,12.333829
521,2012-06-04,2,1,6,0,1,1,1,0.693,0.578283,0.487083,0.284833,1071,5927,6998,28.412999999999997,28.91415,48.7083,19.083811
522,2012-06-05,2,1,6,0,2,1,2,0.628,0.525892,0.613333,0.209575,968,6033,7001,25.748,26.294600000000003,61.3333,14.041525
523,2012-06-06,2,1,6,0,3,1,1,0.643,0.542292,0.61125,0.077125,1027,6028,7055,26.363,27.1146,61.12499999999999,5.167375
524,2012-06-07,2,1,6,0,4,1,1,0.699,0.569442,0.567083,0.15735,1038,6456,7494,28.659,28.4721,56.7083,10.542449999999999
525,2012-06-08,2,1,6,0,5,1,1,0.753,0.597862,0.467917,0.175383,1488,6248,7736,30.873,29.8931,46.791700000000006,11.750661000000001
526,2012-06-09,2,1,6,0,6,0,1,0.825,0.648367,0.437083,0.144287,2708,4790,7498,33.824999999999996,32.418350000000004,43.7083,9.667229
527,2012-06-10,2,1,6,0,0,0,1,0.843,0.663517,0.538333,0.133721,2224,4374,6598,34.563,33.175850000000004,53.833299999999994,8.959307
528,2012-06-11,2,1,6,0,1,1,2,0.837,0.659721,0.587917,0.207713,1017,5647,6664,34.317,32.98605,58.791700000000006,13.916771
529,2012-06-12,2,1,6,0,2,1,2,0.758,0.597875,0.833333,0.214546,477,4495,4972,31.078,29.89375,83.3333,14.374581999999998
530,2012-06-13,2,1,6,0,3,1,1,0.761,0.611117,0.582083,0.343279,1173,6248,7421,31.201,30.55585,58.2083,22.999693
531,2012-06-14,2,1,6,0,4,1,1,0.752,0.624383,0.569583,0.253733,1180,6183,7363,30.832,31.219150000000003,56.958299999999994,17.000111
532,2012-06-15,2,1,6,0,5,1,1,0.742,0.599754,0.589583,0.176617,1563,6102,7665,30.422,29.9877,58.958299999999994,11.833339
533,2012-06-16,2,1,6,0,6,0,1,0.733,0.594708,0.504167,0.166667,2963,4739,7702,30.053,29.735400000000002,50.416700000000006,11.166689
534,2012-06-17,2,1,6,0,0,0,1,0.688,0.571975,0.59875,0.144904,2634,4344,6978,28.208,28.59875,59.875,9.708568
535,2012-06-18,2,1,6,0,1,1,2,0.66,0.544842,0.777917,0.174746,653,4446,5099,27.060000000000002,27.2421,77.79169999999999,11.707982000000001
536,2012-06-19,2,1,6,0,2,1,1,0.799,0.654692,0.69,0.148017,968,5857,6825,32.759,32.7346,69.0,9.917139
537,2012-06-20,2,1,6,0,3,1,1,0.908,0.720975,0.592083,0.113812,872,5339,6211,37.228,36.04875,59.2083,7.625404
538,2012-06-21,3,1,6,0,4,1,1,0.935,0.752542,0.567917,0.118787,778,5127,5905,38.335,37.6271,56.7917,7.958729
539,2012-06-22,3,1,6,0,5,1,1,0.902,0.724121,0.57375,0.182842,964,4859,5823,36.982,36.20605,57.375,12.250414000000001
540,2012-06-23,3,1,6,0,6,0,1,0.849,0.652792,0.534583,0.179721,2657,4801,7458,34.809,32.6396,53.4583,12.041307
541,2012-06-24,3,1,6,0,0,0,1,0.863,0.674254,0.479167,0.145525,2551,4340,6891,35.383,33.7127,47.9167,9.750174999999999
542,2012-06-25,3,1,6,0,1,1,1,0.831,0.654042,0.504167,0.300383,1139,5640,6779,34.071,32.7021,50.416700000000006,20.125661
543,2012-06-26,3,1,6,0,2,1,1,0.732,0.594704,0.373333,0.347642,1077,6365,7442,30.012,29.7352,37.3333,23.292014
544,2012-06-27,3,1,6,0,3,1,1,0.809,0.640792,0.36,0.271775,1077,6258,7335,33.169000000000004,32.0396,36.0,18.208925
545,2012-06-28,3,1,6,0,4,1,1,0.869,0.675512,0.4225,0.17165,921,5958,6879,35.629,33.7756,42.25,11.50055
546,2012-06-29,3,1,6,0,5,1,1,0.968,0.786613,0.48875,0.165417,829,4634,5463,39.688,39.33065,48.875,11.082939000000001
547,2012-06-30,3,1,6,0,6,0,1,0.888,0.687508,0.60125,0.161071,1455,4232,5687,36.408,34.3754,60.12499999999999,10.791756999999999
548,2012-07-01,3,1,7,0,0,0,1,0.947,0.750629,0.51875,0.168529,1421,4110,5531,38.827,37.53145,51.87500000000001,11.291443000000001
549,2012-07-02,3,1,7,0,1,1,1,0.907,0.702038,0.447083,0.195267,904,5323,6227,37.187,35.1019,44.7083,13.082889
550,2012-07-03,3,1,7,0,2,1,1,0.906,0.70265,0.492083,0.126237,1052,5608,6660,37.146,35.1325,49.2083,8.457878999999998
551,2012-07-04,3,1,7,1,3,0,1,0.916,0.732337,0.53875,0.13495,2562,4841,7403,37.556000000000004,36.61685,53.87499999999999,9.041649999999999
552,2012-07-05,3,1,7,0,4,1,1,0.96,0.761367,0.457917,0.194029,1405,4836,6241,39.36,38.06835,45.7917,12.999943
553,2012-07-06,3,1,7,0,5,1,1,0.961,0.752533,0.450833,0.146142,1366,4841,6207,39.400999999999996,37.62665,45.0833,9.791514
554,2012-07-07,3,1,7,0,6,0,1,1.0,0.804913,0.492083,0.163554,1448,3392,4840,41.0,40.24565,49.2083,10.958118
555,2012-07-08,3,1,7,0,0,0,1,0.955,0.790396,0.57375,0.125629,1203,3469,4672,39.155,39.5198,57.375,8.417143
556,2012-07-09,3,1,7,0,1,1,2,0.825,0.654054,0.683333,0.180975,998,5571,6569,33.824999999999996,32.7027,68.3333,12.125325
557,2012-07-10,3,1,7,0,2,1,2,0.837,0.664796,0.6675,0.151737,954,5336,6290,34.317,33.2398,66.75,10.166379000000001
558,2012-07-11,3,1,7,0,3,1,1,0.832,0.650271,0.633333,0.151733,975,6289,7264,34.112,32.51355,63.3333,10.166111
559,2012-07-12,3,1,7,0,4,1,1,0.831,0.654683,0.529583,0.146775,1032,6414,7446,34.071,32.73415,52.9583,9.833924999999999
560,2012-07-13,3,1,7,0,5,1,2,0.849,0.667933,0.485833,0.08085,1511,5988,7499,34.809,33.39665,48.5833,5.41695
561,2012-07-14,3,1,7,0,6,0,2,0.816,0.666042,0.699167,0.143679,2355,4614,6969,33.455999999999996,33.3021,69.91669999999999,9.626493
562,2012-07-15,3,1,7,0,0,0,1,0.866,0.705196,0.717917,0.166667,1920,4111,6031,35.506,35.259800000000006,71.7917,11.166689
563,2012-07-16,3,1,7,0,1,1,1,0.886,0.724125,0.645,0.164187,1088,5742,6830,36.326,36.206250000000004,64.5,11.000529
564,2012-07-17,3,1,7,0,2,1,1,0.95,0.755683,0.505833,0.114429,921,5865,6786,38.949999999999996,37.78415,50.583299999999994,7.666743
565,2012-07-18,3,1,7,0,3,1,1,0.921,0.745583,0.577083,0.137442,799,4914,5713,37.761,37.27915,57.7083,9.208614
566,2012-07-19,3,1,7,0,4,1,1,0.894,0.714642,0.600417,0.165429,888,5703,6591,36.654,35.7321,60.0417,11.083743
567,2012-07-20,3,1,7,0,5,1,2,0.773,0.613025,0.844167,0.208967,747,5123,5870,31.693,30.65125,84.4167,14.000789000000001
568,2012-07-21,3,1,7,0,6,0,3,0.691,0.549912,0.865417,0.2133,1264,3195,4459,28.331,27.495599999999996,86.5417,14.2911
569,2012-07-22,3,1,7,0,0,0,2,0.775,0.623125,0.7625,0.0939208,2544,4866,7410,31.775000000000002,31.156250000000004,76.25,6.2926936
570,2012-07-23,3,1,7,0,1,1,1,0.861,0.690017,0.694167,0.138683,1135,5831,6966,35.301,34.50085,69.41669999999999,9.291761
571,2012-07-24,3,1,7,0,2,1,1,0.871,0.70645,0.655,0.211454,1140,6452,7592,35.711,35.3225,65.5,14.167418
572,2012-07-25,3,1,7,0,3,1,1,0.84,0.654054,0.45,0.1648,1383,6790,8173,34.44,32.7027,45.0,11.0416
573,2012-07-26,3,1,7,0,4,1,1,0.901,0.739263,0.596667,0.284813,1036,5825,6861,36.941,36.96315,59.66669999999999,19.082470999999998
574,2012-07-27,3,1,7,0,5,1,1,0.907,0.734217,0.594583,0.152992,1259,5645,6904,37.187,36.71085,59.458299999999994,10.250464
575,2012-07-28,3,1,7,0,6,0,1,0.877,0.697604,0.613333,0.15735,2234,4451,6685,35.957,34.8802,61.3333,10.542449999999999
576,2012-07-29,3,1,7,0,0,0,1,0.838,0.667933,0.62375,0.170396,2153,4444,6597,34.358,33.39665,62.375,11.416532
577,2012-07-30,3,1,7,0,1,1,1,0.848,0.684987,0.66875,0.153617,1040,6065,7105,34.768,34.24935,66.875,10.292339
578,2012-07-31,3,1,7,0,2,1,1,0.828,0.662896,0.704167,0.165425,968,6248,7216,33.948,33.144800000000004,70.41669999999999,11.083475
579,2012-08-01,3,1,8,0,3,1,1,0.833,0.667308,0.6775,0.141179,1074,6506,7580,34.153,33.3654,67.75,9.458993
580,2012-08-02,3,1,8,0,4,1,1,0.873,0.707088,0.659583,0.129354,983,6278,7261,35.793,35.354400000000005,65.95830000000001,8.666718
581,2012-08-03,3,1,8,0,5,1,2,0.889,0.722867,0.6425,0.215792,1328,5847,7175,36.449,36.143350000000005,64.25,14.458064
582,2012-08-04,3,1,8,0,6,0,1,0.921,0.751267,0.613333,0.257458,2345,4479,6824,37.761,37.56335,61.3333,17.249686
583,2012-08-05,3,1,8,0,0,0,1,0.893,0.731079,0.6525,0.290421,1707,3757,5464,36.613,36.55395,65.25,19.458206999999998
584,2012-08-06,3,1,8,0,1,1,2,0.873,0.710246,0.654167,0.129354,1233,5780,7013,35.793,35.5123,65.4167,8.666718
585,2012-08-07,3,1,8,0,2,1,2,0.854,0.697621,0.70375,0.116908,1278,5995,7273,35.013999999999996,34.88105,70.375,7.8328359999999995
586,2012-08-08,3,1,8,0,3,1,2,0.87,0.707717,0.672917,0.1107,1263,6271,7534,35.67,35.385850000000005,67.29169999999999,7.4169
587,2012-08-09,3,1,8,0,4,1,1,0.877,0.699508,0.620417,0.1561,1196,6090,7286,35.957,34.9754,62.0417,10.458699999999999
588,2012-08-10,3,1,8,0,5,1,2,0.831,0.667942,0.715833,0.238813,1065,4721,5786,34.071,33.3971,71.58330000000001,16.000471
589,2012-08-11,3,1,8,0,6,0,2,0.804,0.638267,0.732917,0.206479,2247,4052,6299,32.964,31.91335,73.2917,13.834093
590,2012-08-12,3,1,8,0,0,0,1,0.813,0.644579,0.530417,0.122512,2182,4362,6544,33.333,32.22895,53.041700000000006,8.208304
591,2012-08-13,3,1,8,0,1,1,1,0.837,0.662254,0.545417,0.136212,1207,5676,6883,34.317,33.112700000000004,54.541700000000006,9.126204
592,2012-08-14,3,1,8,0,2,1,1,0.843,0.676779,0.686667,0.169158,1128,5656,6784,34.563,33.838950000000004,68.6667,11.333586
593,2012-08-15,3,1,8,0,3,1,1,0.82,0.654037,0.619583,0.169771,1198,6149,7347,33.62,32.70185,61.9583,11.374657000000001
594,2012-08-16,3,1,8,0,4,1,1,0.835,0.654688,0.519167,0.141796,1338,6267,7605,34.235,32.7344,51.916700000000006,9.500332
595,2012-08-17,3,1,8,0,5,1,1,0.839,0.2424,0.570833,0.231354,1483,5665,7148,34.399,12.120000000000001,57.0833,15.500718
596,2012-08-18,3,1,8,0,6,0,1,0.787,0.618071,0.603333,0.177867,2827,5038,7865,32.267,30.903550000000003,60.3333,11.917089
597,2012-08-19,3,1,8,0,0,0,2,0.738,0.603554,0.711667,0.08645,1208,3341,4549,30.258,30.1777,71.1667,5.79215
598,2012-08-20,3,1,8,0,1,1,2,0.738,0.595967,0.734167,0.129979,1026,5504,6530,30.258,29.798350000000003,73.4167,8.708593
599,2012-08-21,3,1,8,0,2,1,1,0.753,0.601025,0.67375,0.0727708,1081,5925,7006,30.873,30.051250000000003,67.375,4.8756436
600,2012-08-22,3,1,8,0,3,1,1,0.775,0.621854,0.677083,0.0702833,1094,6281,7375,31.775000000000002,31.0927,67.7083,4.708981100000001
601,2012-08-23,3,1,8,0,4,1,1,0.808,0.637008,0.635833,0.0845958,1363,6402,7765,33.128,31.8504,63.5833,5.6679186
602,2012-08-24,3,1,8,0,5,1,2,0.815,0.6471,0.615,0.0721458,1325,6257,7582,33.415,32.355000000000004,61.5,4.8337686
603,2012-08-25,3,1,8,0,6,0,2,0.768,0.618696,0.712917,0.244408,1829,4224,6053,31.488,30.934800000000003,71.2917,16.375336
604,2012-08-26,3,1,8,0,0,0,2,0.758,0.595996,0.845833,0.228858,1483,3772,5255,31.078,29.799799999999998,84.5833,15.333486
605,2012-08-27,3,1,8,0,1,1,1,0.816,0.654688,0.730417,0.128733,989,5928,6917,33.455999999999996,32.7344,73.04169999999999,8.625110999999999
606,2012-08-28,3,1,8,0,2,1,1,0.845,0.66605,0.62,0.190925,935,6105,7040,34.644999999999996,33.3025,62.0,12.791975
607,2012-08-29,3,1,8,0,3,1,1,0.795,0.635733,0.552083,0.112562,1177,6520,7697,32.595,31.786649999999998,55.2083,7.541653999999999
608,2012-08-30,3,1,8,0,4,1,1,0.82,0.652779,0.590417,0.0771167,1172,6541,7713,33.62,32.63895,59.0417,5.1668189
609,2012-08-31,3,1,8,0,5,1,1,0.887,0.6894,0.5875,0.168533,1433,5917,7350,36.367,34.47,58.75,11.291711
610,2012-09-01,3,1,9,0,6,0,2,0.874,0.702654,0.638333,0.113187,2352,3788,6140,35.834,35.1327,63.8333,7.5835289999999995
611,2012-09-02,3,1,9,0,0,0,2,0.809,0.649,0.815,0.0640708,2613,3197,5810,33.169000000000004,32.45,81.5,4.2927436
612,2012-09-03,3,1,9,1,1,0,1,0.821,0.661629,0.790833,0.151121,1965,4069,6034,33.661,33.081450000000004,79.0833,10.125107
613,2012-09-04,3,1,9,0,2,1,1,0.842,0.686888,0.755,0.236321,867,5997,6864,34.522,34.3444,75.5,15.833507
614,2012-09-05,3,1,9,0,3,1,1,0.855,0.708983,0.74125,0.187808,832,6280,7112,35.055,35.44915,74.125,12.583136
615,2012-09-06,3,1,9,0,4,1,2,0.809,0.655329,0.810417,0.142421,611,5592,6203,33.169000000000004,32.766450000000006,81.0417,9.542207
616,2012-09-07,3,1,9,0,5,1,1,0.816,0.657204,0.73625,0.171646,1045,6459,7504,33.455999999999996,32.8602,73.625,11.500282
617,2012-09-08,3,1,9,0,6,0,2,0.765,0.611121,0.799167,0.281104,1557,4419,5976,31.365000000000002,30.556050000000003,79.91669999999999,18.833968000000002
618,2012-09-09,3,1,9,0,0,0,1,0.708,0.578925,0.5475,0.224496,2570,5657,8227,29.028,28.946250000000003,54.75,15.041232
619,2012-09-10,3,1,9,0,1,1,1,0.677,0.565654,0.50375,0.258713,1118,6407,7525,27.757,28.2827,50.375,17.333771000000002
620,2012-09-11,3,1,9,0,2,1,1,0.67,0.554292,0.52,0.0920542,1070,6697,7767,27.470000000000002,27.7146,52.0,6.1676314
621,2012-09-12,3,1,9,0,3,1,1,0.695,0.570075,0.577083,0.131846,1050,6820,7870,28.494999999999997,28.50375,57.7083,8.833682
622,2012-09-13,3,1,9,0,4,1,1,0.711,0.579558,0.637083,0.0827208,1054,6750,7804,29.151,28.9779,63.708299999999994,5.5422936
623,2012-09-14,3,1,9,0,5,1,1,0.735,0.594083,0.6725,0.103863,1379,6630,8009,30.134999999999998,29.704150000000002,67.25,6.9588209999999995
624,2012-09-15,3,1,9,0,6,0,1,0.706,0.585867,0.501667,0.247521,3160,5554,8714,28.945999999999998,29.29335,50.1667,16.583907
625,2012-09-16,3,1,9,0,0,0,1,0.673,0.563125,0.57,0.0901833,2166,5167,7333,27.593000000000004,28.15625,56.99999999999999,6.042281099999999
626,2012-09-17,3,1,9,0,1,1,2,0.674,0.55305,0.734583,0.151742,1022,5847,6869,27.634,27.652500000000003,73.4583,10.166713999999999
627,2012-09-18,3,1,9,0,2,1,2,0.723,0.565067,0.8725,0.357587,371,3702,4073,29.643,28.253349999999998,87.25,23.958329
628,2012-09-19,3,1,9,0,3,1,1,0.641,0.540404,0.536667,0.215175,788,6803,7591,26.281,27.0202,53.6667,14.416725
629,2012-09-20,3,1,9,0,4,1,1,0.634,0.532192,0.618333,0.118167,939,6781,7720,25.994,26.6096,61.8333,7.917189
630,2012-09-21,3,1,9,0,5,1,1,0.695,0.571971,0.66875,0.154229,1250,6917,8167,28.494999999999997,28.59855,66.875,10.333343000000001
631,2012-09-22,3,1,9,0,6,0,1,0.754,0.610488,0.646667,0.283583,2512,5883,8395,30.914,30.5244,64.6667,19.000061
632,2012-09-23,4,1,9,0,0,0,1,0.614,0.518933,0.467083,0.223258,2454,5453,7907,25.174,25.946649999999998,46.7083,14.958286000000001
633,2012-09-24,4,1,9,0,1,1,1,0.597,0.502513,0.492917,0.142404,1001,6435,7436,24.477,25.12565,49.2917,9.541068000000001
634,2012-09-25,4,1,9,0,2,1,1,0.638,0.544179,0.57,0.236321,845,6693,7538,26.158,27.208949999999998,56.99999999999999,15.833507
635,2012-09-26,4,1,9,0,3,1,1,0.737,0.596613,0.630833,0.2444,787,6946,7733,30.217,29.83065,63.083299999999994,16.3748
636,2012-09-27,4,1,9,0,4,1,2,0.754,0.607975,0.690833,0.134342,751,6642,7393,30.914,30.398750000000003,69.08330000000001,9.000914
637,2012-09-28,4,1,9,0,5,1,2,0.719,0.585863,0.69,0.164179,1045,6370,7415,29.479,29.29315,69.0,10.999993
638,2012-09-29,4,1,9,0,6,0,1,0.63,0.530296,0.542917,0.227604,2589,5966,8555,25.830000000000002,26.5148,54.2917,15.249468
639,2012-09-30,4,1,9,0,0,0,1,0.611,0.517663,0.583333,0.134958,2015,4874,6889,25.051,25.88315,58.3333,9.042186
640,2012-10-01,4,1,10,0,1,1,2,0.604,0.512,0.649167,0.0908042,763,6015,6778,24.764,25.6,64.9167,6.0838814
641,2012-10-02,4,1,10,0,2,1,3,0.686,0.542333,0.871667,0.104475,315,4324,4639,28.126,27.116649999999996,87.16669999999999,6.9998249999999995
642,2012-10-03,4,1,10,0,3,1,2,0.763,0.599133,0.79375,0.0665458,728,6844,7572,31.283,29.95665,79.375,4.4585686
643,2012-10-04,4,1,10,0,4,1,2,0.763,0.607975,0.722917,0.117546,891,6437,7328,31.283,30.398750000000003,72.2917,7.875582
644,2012-10-05,4,1,10,0,5,1,1,0.714,0.580187,0.6275,0.10635,1516,6640,8156,29.273999999999997,29.00935,62.74999999999999,7.12545
645,2012-10-06,4,1,10,0,6,0,1,0.643,0.538521,0.664167,0.268025,3031,4934,7965,26.363,26.92605,66.41669999999999,17.957675000000002
646,2012-10-07,4,1,10,0,0,0,2,0.483,0.419813,0.708333,0.141162,781,2729,3510,19.803,20.99065,70.8333,9.457854000000001
647,2012-10-08,4,1,10,1,1,0,2,0.445,0.387608,0.709583,0.189679,874,4604,5478,18.245,19.3804,70.9583,12.708492999999999
648,2012-10-09,4,1,10,0,2,1,2,0.518,0.438112,0.761667,0.1903,601,5791,6392,21.238,21.9056,76.16669999999999,12.7501
649,2012-10-10,4,1,10,0,3,1,1,0.597,0.503142,0.630833,0.187821,780,6911,7691,24.477,25.1571,63.083299999999994,12.584007
650,2012-10-11,4,1,10,0,4,1,1,0.505,0.431167,0.463333,0.181596,834,6736,7570,20.705000000000002,21.55835,46.3333,12.166932000000001
651,2012-10-12,4,1,10,0,5,1,1,0.508,0.433071,0.539167,0.235092,1060,6222,7282,20.828,21.65355,53.91669999999999,15.751164
652,2012-10-13,4,1,10,0,6,0,1,0.456,0.391396,0.494583,0.146142,2252,4857,7109,18.696,19.5698,49.4583,9.791514
653,2012-10-14,4,1,10,0,0,0,1,0.605,0.508204,0.640417,0.278612,2080,4559,6639,24.805,25.4102,64.0417,18.667004000000002
654,2012-10-15,4,1,10,0,1,1,2,0.652,0.53915,0.7075,0.296037,760,5115,5875,26.732,26.9575,70.75,19.834478999999998
655,2012-10-16,4,1,10,0,2,1,1,0.544,0.460846,0.558333,0.182221,922,6612,7534,22.304000000000002,23.042299999999997,55.833299999999994,12.208807
656,2012-10-17,4,1,10,0,3,1,1,0.529,0.450108,0.692917,0.101371,979,6482,7461,21.689,22.5054,69.2917,6.791857
657,2012-10-18,4,1,10,0,4,1,2,0.606,0.512625,0.728333,0.236937,1008,6501,7509,24.846,25.63125,72.8333,15.874779
658,2012-10-19,4,1,10,0,5,1,2,0.654,0.537896,0.815,0.134954,753,4671,5424,26.814,26.894800000000004,81.5,9.041917999999999
659,2012-10-20,4,1,10,0,6,0,1,0.562,0.472842,0.572917,0.117537,2806,5284,8090,23.042,23.6421,57.2917,7.874979
660,2012-10-21,4,1,10,0,0,0,1,0.539,0.456429,0.51,0.166054,2132,4692,6824,22.099,22.82145,51.0,11.125618000000001
661,2012-10-22,4,1,10,0,1,1,1,0.566,0.482942,0.568333,0.0814833,830,6228,7058,23.206,24.1471,56.833299999999994,5.4593811
662,2012-10-23,4,1,10,0,2,1,1,0.632,0.530304,0.641667,0.0945458,841,6625,7466,25.912,26.5152,64.16669999999999,6.3345686
663,2012-10-24,4,1,10,0,3,1,1,0.682,0.558721,0.63625,0.0727792,795,6898,7693,27.962000000000003,27.93605,63.625,4.8762064
664,2012-10-25,4,1,10,0,4,1,2,0.638,0.529688,0.800417,0.124375,875,6484,7359,26.158,26.4844,80.0417,8.333125
665,2012-10-26,4,1,10,0,5,1,2,0.633,0.52275,0.807083,0.132467,1182,6262,7444,25.953,26.137500000000003,80.7083,8.875289
666,2012-10-27,4,1,10,0,6,0,2,0.615,0.515133,0.72,0.235692,2643,5209,7852,25.215,25.756649999999997,72.0,15.791364000000002
667,2012-10-28,4,1,10,0,0,0,2,0.554,0.467771,0.694583,0.398008,998,3461,4459,22.714000000000002,23.38855,69.4583,26.666535999999997
668,2012-10-29,4,1,10,0,1,1,3,0.511,0.4394,0.88,0.3582,2,20,22,20.951,21.97,88.0,23.9994
669,2012-10-30,4,1,10,0,2,1,2,0.369,0.309909,0.825455,0.213009,87,1009,1096,15.129,15.49545,82.5455,14.271603
670,2012-10-31,4,1,10,0,3,1,2,0.415,0.3611,0.666667,0.166667,419,5147,5566,17.015,18.055,66.6667,11.166689
671,2012-11-01,4,1,11,0,4,1,2,0.425,0.369942,0.581667,0.157346,466,5520,5986,17.425,18.4971,58.166700000000006,10.542182
672,2012-11-02,4,1,11,0,5,1,1,0.412,0.356042,0.522083,0.266175,618,5229,5847,16.892,17.802100000000003,52.208299999999994,17.833725
673,2012-11-03,4,1,11,0,6,0,2,0.398,0.323846,0.49125,0.270529,1029,4109,5138,16.318,16.1923,49.125,18.125443
674,2012-11-04,4,1,11,0,0,0,1,0.378,0.329538,0.532917,0.179108,1201,3906,5107,15.498,16.4769,53.2917,12.000236
675,2012-11-05,4,1,11,0,1,1,1,0.37,0.308075,0.494167,0.236325,378,4881,5259,15.17,15.403749999999999,49.416700000000006,15.833775000000001
676,2012-11-06,4,1,11,0,2,1,1,0.326,0.281567,0.567083,0.173513,466,5220,5686,13.366,14.07835,56.7083,11.625371
677,2012-11-07,4,1,11,0,3,1,2,0.343,0.274621,0.5475,0.304108,326,4709,5035,14.063,13.73105,54.75,20.375236
678,2012-11-08,4,1,11,0,4,1,1,0.409,0.341891,0.333478,0.347835,340,4975,5315,16.769,17.09455,33.3478,23.304945
679,2012-11-09,4,1,11,0,5,1,1,0.42,0.355413,0.540833,0.214558,709,5283,5992,17.22,17.77065,54.0833,14.375386
680,2012-11-10,4,1,11,0,6,0,1,0.452,0.393937,0.645417,0.0578458,2090,4446,6536,18.532,19.696849999999998,64.5417,3.8756686
681,2012-11-11,4,1,11,0,0,0,1,0.488,0.421713,0.659167,0.1275,2290,4562,6852,20.008,21.08565,65.91669999999999,8.5425
682,2012-11-12,4,1,11,1,1,0,1,0.563,0.475383,0.741667,0.173517,1097,5172,6269,23.083,23.76915,74.16669999999999,11.625639
683,2012-11-13,4,1,11,0,2,1,2,0.398,0.323225,0.662917,0.342046,327,3767,4094,16.318,16.16125,66.29169999999999,22.917082
684,2012-11-14,4,1,11,0,3,1,1,0.336,0.281563,0.552083,0.199625,373,5122,5495,13.776000000000002,14.07815,55.2083,13.374875
685,2012-11-15,4,1,11,0,4,1,2,0.373,0.324492,0.620417,0.152987,320,5125,5445,15.293,16.2246,62.0417,10.250129000000001
686,2012-11-16,4,1,11,0,5,1,1,0.4,0.347204,0.524583,0.171025,484,5214,5698,16.400000000000002,17.3602,52.4583,11.458675000000001
687,2012-11-17,4,1,11,0,6,0,1,0.377,0.326383,0.545417,0.179729,1313,4316,5629,15.457,16.31915,54.541700000000006,12.041843
688,2012-11-18,4,1,11,0,0,0,1,0.397,0.337746,0.692917,0.227612,922,3747,4669,16.277,16.8873,69.2917,15.250004
689,2012-11-19,4,1,11,0,1,1,2,0.442,0.375621,0.623333,0.235067,449,5050,5499,18.122,18.78105,62.3333,15.749489
690,2012-11-20,4,1,11,0,2,1,2,0.434,0.380667,0.685,0.082725,534,5100,5634,17.794,19.03335,68.5,5.542575
691,2012-11-21,4,1,11,0,3,1,1,0.41,0.364892,0.61375,0.103246,615,4531,5146,16.81,18.2446,61.375,6.917482000000001
692,2012-11-22,4,1,11,1,4,0,1,0.395,0.350371,0.580417,0.0528708,955,1470,2425,16.195,17.518549999999998,58.0417,3.5423436
693,2012-11-23,4,1,11,0,5,1,1,0.427,0.378779,0.56875,0.148021,1603,2307,3910,17.506999999999998,18.93895,56.875,9.917407
694,2012-11-24,4,1,11,0,6,0,1,0.323,0.248742,0.404583,0.376871,532,1745,2277,13.243,12.4371,40.4583,25.250357
695,2012-11-25,4,1,11,0,0,0,1,0.285,0.257583,0.468333,0.1505,309,2115,2424,11.684999999999999,12.879150000000001,46.8333,10.083499999999999
696,2012-11-26,4,1,11,0,1,1,1,0.364,0.339004,0.535417,0.04665,337,4750,5087,14.924,16.950200000000002,53.541700000000006,3.1255499999999996
697,2012-11-27,4,1,11,0,2,1,2,0.338,0.281558,0.786667,0.237562,123,3836,3959,13.858,14.0779,78.6667,15.916654
698,2012-11-28,4,1,11,0,3,1,1,0.344,0.289762,0.50625,0.210821,198,5062,5260,14.104,14.488100000000001,50.625,14.125007
699,2012-11-29,4,1,11,0,4,1,1,0.326,0.298422,0.555652,0.115522,243,5080,5323,13.366,14.921100000000001,55.565200000000004,7.739974
700,2012-11-30,4,1,11,0,5,1,1,0.346,0.323867,0.649583,0.0584708,362,5306,5668,14.185999999999998,16.193350000000002,64.95830000000001,3.9175436
701,2012-12-01,4,1,12,0,6,0,2,0.346,0.316904,0.806667,0.0597042,951,4240,5191,14.185999999999998,15.8452,80.6667,4.0001814
702,2012-12-02,4,1,12,0,0,0,2,0.403,0.359208,0.823333,0.124379,892,3757,4649,16.523,17.9604,82.3333,8.333393000000001
703,2012-12-03,4,1,12,0,1,1,1,0.525,0.455796,0.7675,0.0827208,555,5679,6234,21.525000000000002,22.7898,76.75,5.5422936
704,2012-12-04,4,1,12,0,2,1,1,0.552,0.469054,0.73375,0.174129,551,6055,6606,22.632,23.4527,73.375,11.666643
705,2012-12-05,4,1,12,0,3,1,1,0.509,0.428012,0.485,0.324021,331,5398,5729,20.869,21.4006,48.5,21.709407
706,2012-12-06,4,1,12,0,4,1,1,0.297,0.258204,0.50875,0.174754,340,5035,5375,12.177,12.9102,50.875,11.708518
707,2012-12-07,4,1,12,0,5,1,2,0.372,0.321958,0.764167,0.1306,349,4659,5008,15.252,16.097900000000003,76.4167,8.7502
708,2012-12-08,4,1,12,0,6,0,2,0.443,0.389508,0.91125,0.101379,1153,4429,5582,18.163,19.4754,91.125,6.792393
709,2012-12-09,4,1,12,0,0,0,2,0.446,0.390146,0.905417,0.157975,441,2787,3228,18.286,19.5073,90.5417,10.584325
710,2012-12-10,4,1,12,0,1,1,2,0.506,0.435575,0.925,0.190308,329,4841,5170,20.746,21.77875,92.5,12.750636
711,2012-12-11,4,1,12,0,2,1,2,0.41,0.338363,0.596667,0.296037,282,5219,5501,16.81,16.91815,59.66669999999999,19.834478999999998
712,2012-12-12,4,1,12,0,3,1,2,0.345,0.297338,0.538333,0.162937,310,5009,5319,14.145,14.8669,53.833299999999994,10.916779
713,2012-12-13,4,1,12,0,4,1,1,0.343,0.294188,0.485833,0.174129,425,5107,5532,14.063,14.7094,48.5833,11.666643
714,2012-12-14,4,1,12,0,5,1,1,0.327,0.294192,0.642917,0.131229,429,5182,5611,13.407,14.7096,64.29169999999999,8.792343
715,2012-12-15,4,1,12,0,6,0,1,0.376,0.338383,0.650417,0.10635,767,4280,5047,15.416,16.91915,65.0417,7.12545
716,2012-12-16,4,1,12,0,0,0,2,0.421,0.369938,0.83875,0.100742,538,3248,3786,17.261,18.4969,83.875,6.749714
717,2012-12-17,4,1,12,0,1,1,2,0.456,0.4015,0.907083,0.0982583,212,4373,4585,18.696,20.075000000000003,90.7083,6.583306100000001
718,2012-12-18,4,1,12,0,2,1,1,0.477,0.409708,0.66625,0.221404,433,5124,5557,19.557,20.485400000000002,66.625,14.834067999999998
719,2012-12-19,4,1,12,0,3,1,1,0.386,0.342162,0.625417,0.184092,333,4934,5267,15.826,17.1081,62.5417,12.334164000000001
720,2012-12-20,4,1,12,0,4,1,2,0.383,0.335217,0.667917,0.132463,314,3814,4128,15.703,16.760849999999998,66.79169999999999,8.875021
721,2012-12-21,1,1,12,0,5,1,2,0.379,0.301767,0.556667,0.374383,221,3402,3623,15.539,15.08835,55.666700000000006,25.083661000000003
722,2012-12-22,1,1,12,0,6,0,1,0.309,0.236113,0.44125,0.407346,205,1544,1749,12.669,11.80565,44.125,27.292182
723,2012-12-23,1,1,12,0,0,0,1,0.285,0.259471,0.515417,0.133083,408,1379,1787,11.684999999999999,12.97355,51.5417,8.916561
724,2012-12-24,1,1,12,0,1,1,2,0.268,0.2589,0.791304,0.0772304,174,746,920,10.988000000000001,12.945,79.1304,5.1744368000000005
725,2012-12-25,1,1,12,1,2,0,2,0.338,0.294465,0.734783,0.168726,440,573,1013,13.858,14.723249999999998,73.47829999999999,11.304642
726,2012-12-26,1,1,12,0,3,1,3,0.282,0.220333,0.823333,0.316546,9,432,441,11.562,11.01665,82.3333,21.208582
727,2012-12-27,1,1,12,0,4,1,2,0.295,0.226642,0.652917,0.350133,247,1867,2114,12.094999999999999,11.3321,65.29169999999999,23.458911
728,2012-12-28,1,1,12,0,5,1,2,0.294,0.255046,0.59,0.155471,644,2451,3095,12.053999999999998,12.7523,59.0,10.416557
729,2012-12-29,1,1,12,0,6,0,2,0.294,0.2424,0.752917,0.124383,159,1182,1341,12.053999999999998,12.120000000000001,75.29169999999999,8.333661
730,2012-12-30,1,1,12,0,0,0,1,0.297,0.2317,0.483333,0.350754,364,1432,1796,12.177,11.584999999999999,48.3333,23.500518
731,2012-12-31,1,1,12,0,1,1,2,0.25,0.223487,0.5775,0.154846,439,2290,2729,10.25,11.17435,57.75,10.374682
